color_a,color_b,pattern,label
#FFFFFF,#40E0D0,pattern_#FFFFFF_#40E0D0,1
#FFFFFF,#A57E62,pattern_#FFFFFF_#A57E62,1
#FFFFFF,#5C2F83,pattern_#FFFFFF_#5C2F83,1
#FFFFFF,#462C0E,pattern_#FFFFFF_#462C0E,1
#FFFFFF,#DFC8B2,pattern_#FFFFFF_#DFC8B2,1
#FFFFFF,#800000,pattern_#FFFFFF_#800000,1
#FFFFFF,#87CEFA,pattern_#FFFFFF_#87CEFA,1
#FFFFFF,#614051,pattern_#FFFFFF_#614051,1
#FFFFFF,#FF00A8,pattern_#FFFFFF_#FF00A8,1
#FFFFFF,#000000,pattern_#FFFFFF_#000000,1
#FFFFFF,#D3D3D3,pattern_#FFFFFF_#D3D3D3,1
#FFFFFF,#C19A6B,pattern_#FFFFFF_#C19A6B,1
#FFFFFF,#00008B,pattern_#FFFFFF_#00008B,1
#FFFFFF,#BBE2AD,pattern_#FFFFFF_#BBE2AD,1
#FFFFFF,#E65A5B,pattern_#FFFFFF_#E65A5B,1
#FFFFFF,#0000FF,pattern_#FFFFFF_#0000FF,1
#FFFFFF,#153668,pattern_#FFFFFF_#153668,1
#FFFFFF,#B94600,pattern_#FFFFFF_#B94600,1
#FFFFFF,#DEB24C,pattern_#FFFFFF_#DEB24C,1
#FFFFFF,#F29985,pattern_#FFFFFF_#F29985,1
#FFFFFF,#000081,pattern_#FFFFFF_#000081,1
#FFFFFF,#666633,pattern_#FFFFFF_#666633,1
#FFFFFF,#5F5E5E,pattern_#FFFFFF_#5F5E5E,1
#FFFFFF,#164A0A,pattern_#FFFFFF_#164A0A,1
#FFFFFF,#9A8176,pattern_#FFFFFF_#9A8176,1
#FFFFFF,#ECE9D6,pattern_#FFFFFF_#ECE9D6,1
#FFFFFF,#C7A2A2,pattern_#FFFFFF_#C7A2A2,1
#FFFFFF,#D84936,pattern_#FFFFFF_#D84936,1
#FFFFFF,#BBA9E4,pattern_#FFFFFF_#BBA9E4,1
#FFFFFF,#3B6968,pattern_#FFFFFF_#3B6968,1
#FFFFFF,#FFD200,pattern_#FFFFFF_#FFD200,1
#FFFFFF,#008000,pattern_#FFFFFF_#008000,1
#FFFFFF,#86BE2D,pattern_#FFFFFF_#86BE2D,1
#FFFFFF,#C9C9C9,pattern_#FFFFFF_#C9C9C9,1
#FFFFFF,#768597,pattern_#FFFFFF_#768597,1
#FFFFFF,#B5A45F,pattern_#FFFFFF_#B5A45F,1
#FFFFFF,#0053A5,pattern_#FFFFFF_#0053A5,1
#FFFFFF,#FAC4DB,pattern_#FFFFFF_#FAC4DB,1
#FFFFFF,#D0455F,pattern_#FFFFFF_#D0455F,1
#FFFFFF,#640B22,pattern_#FFFFFF_#640B22,1
#FFFFFF,#8E1D03,pattern_#FFFFFF_#8E1D03,1
#FFFFFF,#FDF7B2,pattern_#FFFFFF_#FDF7B2,1
#FFFFFF,#B11730,pattern_#FFFFFF_#B11730,1
#FFFFFF,#B3832E,pattern_#FFFFFF_#B3832E,1
#FFFFFF,#FAAA6E,pattern_#FFFFFF_#FAAA6E,1
#FFFFFF,#C4DDCE,pattern_#FFFFFF_#C4DDCE,1
#FFFFFF,#EBD6A7,pattern_#FFFFFF_#EBD6A7,1
#FFFFFF,#BCD2E7,pattern_#FFFFFF_#BCD2E7,1
#FFFFFF,#FFFF00,pattern_#FFFFFF_#FFFF00,1
#FFFFFF,#FFC0CB,pattern_#FFFFFF_#FFC0CB,1
#FFFFFF,#808080,pattern_#FFFFFF_#808080,1
#FFFFFF,#FFA500,pattern_#FFFFFF_#FFA500,1
#40E0D0,#A57E62,pattern_#40E0D0_#A57E62,1
#40E0D0,#5C2F83,pattern_#40E0D0_#5C2F83,1
#40E0D0,#462C0E,pattern_#40E0D0_#462C0E,1
#40E0D0,#DFC8B2,pattern_#40E0D0_#DFC8B2,0
#40E0D0,#800000,pattern_#40E0D0_#800000,1
#40E0D0,#87CEFA,pattern_#40E0D0_#87CEFA,0
#40E0D0,#614051,pattern_#40E0D0_#614051,1
#40E0D0,#FF00A8,pattern_#40E0D0_#FF00A8,0
#40E0D0,#000000,pattern_#40E0D0_#000000,1
#40E0D0,#D3D3D3,pattern_#40E0D0_#D3D3D3,0
#40E0D0,#C19A6B,pattern_#40E0D0_#C19A6B,0
#40E0D0,#00008B,pattern_#40E0D0_#00008B,1
#40E0D0,#BBE2AD,pattern_#40E0D0_#BBE2AD,0
#40E0D0,#E65A5B,pattern_#40E0D0_#E65A5B,0
#40E0D0,#0000FF,pattern_#40E0D0_#0000FF,1
#40E0D0,#153668,pattern_#40E0D0_#153668,1
#40E0D0,#B94600,pattern_#40E0D0_#B94600,1
#40E0D0,#DEB24C,pattern_#40E0D0_#DEB24C,0
#40E0D0,#F29985,pattern_#40E0D0_#F29985,0
#40E0D0,#000081,pattern_#40E0D0_#000081,1
#40E0D0,#666633,pattern_#40E0D0_#666633,0
#40E0D0,#5F5E5E,pattern_#40E0D0_#5F5E5E,1
#40E0D0,#164A0A,pattern_#40E0D0_#164A0A,1
#40E0D0,#9A8176,pattern_#40E0D0_#9A8176,0
#40E0D0,#ECE9D6,pattern_#40E0D0_#ECE9D6,0
#40E0D0,#C7A2A2,pattern_#40E0D0_#C7A2A2,0
#40E0D0,#D84936,pattern_#40E0D0_#D84936,0
#40E0D0,#BBA9E4,pattern_#40E0D0_#BBA9E4,0
#40E0D0,#3B6968,pattern_#40E0D0_#3B6968,1
#40E0D0,#FFD200,pattern_#40E0D0_#FFD200,0
#40E0D0,#008000,pattern_#40E0D0_#008000,1
#40E0D0,#86BE2D,pattern_#40E0D0_#86BE2D,0
#40E0D0,#C9C9C9,pattern_#40E0D0_#C9C9C9,0
#40E0D0,#768597,pattern_#40E0D0_#768597,1
#40E0D0,#B5A45F,pattern_#40E0D0_#B5A45F,0
#40E0D0,#0053A5,pattern_#40E0D0_#0053A5,1
#40E0D0,#FAC4DB,pattern_#40E0D0_#FAC4DB,0
#40E0D0,#D0455F,pattern_#40E0D0_#D0455F,1
#40E0D0,#640B22,pattern_#40E0D0_#640B22,1
#40E0D0,#8E1D03,pattern_#40E0D0_#8E1D03,1
#40E0D0,#FDF7B2,pattern_#40E0D0_#FDF7B2,0
#40E0D0,#B11730,pattern_#40E0D0_#B11730,1
#40E0D0,#B3832E,pattern_#40E0D0_#B3832E,0
#40E0D0,#FAAA6E,pattern_#40E0D0_#FAAA6E,0
#40E0D0,#C4DDCE,pattern_#40E0D0_#C4DDCE,1
#40E0D0,#EBD6A7,pattern_#40E0D0_#EBD6A7,0
#40E0D0,#BCD2E7,pattern_#40E0D0_#BCD2E7,0
#40E0D0,#FFFF00,pattern_#40E0D0_#FFFF00,0
#40E0D0,#FFC0CB,pattern_#40E0D0_#FFC0CB,0
#40E0D0,#808080,pattern_#40E0D0_#808080,1
#40E0D0,#FFA500,pattern_#40E0D0_#FFA500,0
#A57E62,#5C2F83,pattern_#A57E62_#5C2F83,0
#A57E62,#462C0E,pattern_#A57E62_#462C0E,1
#A57E62,#DFC8B2,pattern_#A57E62_#DFC8B2,1
#A57E62,#800000,pattern_#A57E62_#800000,1
#A57E62,#87CEFA,pattern_#A57E62_#87CEFA,0
#A57E62,#614051,pattern_#A57E62_#614051,0
#A57E62,#FF00A8,pattern_#A57E62_#FF00A8,0
#A57E62,#000000,pattern_#A57E62_#000000,1
#A57E62,#D3D3D3,pattern_#A57E62_#D3D3D3,1
#A57E62,#C19A6B,pattern_#A57E62_#C19A6B,1
#A57E62,#00008B,pattern_#A57E62_#00008B,0
#A57E62,#BBE2AD,pattern_#A57E62_#BBE2AD,1
#A57E62,#E65A5B,pattern_#A57E62_#E65A5B,0
#A57E62,#0000FF,pattern_#A57E62_#0000FF,0
#A57E62,#153668,pattern_#A57E62_#153668,1
#A57E62,#B94600,pattern_#A57E62_#B94600,0
#A57E62,#DEB24C,pattern_#A57E62_#DEB24C,0
#A57E62,#F29985,pattern_#A57E62_#F29985,1
#A57E62,#000081,pattern_#A57E62_#000081,0
#A57E62,#666633,pattern_#A57E62_#666633,0
#A57E62,#5F5E5E,pattern_#A57E62_#5F5E5E,1
#A57E62,#164A0A,pattern_#A57E62_#164A0A,0
#A57E62,#9A8176,pattern_#A57E62_#9A8176,0
#A57E62,#ECE9D6,pattern_#A57E62_#ECE9D6,1
#A57E62,#C7A2A2,pattern_#A57E62_#C7A2A2,0
#A57E62,#D84936,pattern_#A57E62_#D84936,0
#A57E62,#BBA9E4,pattern_#A57E62_#BBA9E4,0
#A57E62,#3B6968,pattern_#A57E62_#3B6968,0
#A57E62,#FFD200,pattern_#A57E62_#FFD200,0
#A57E62,#008000,pattern_#A57E62_#008000,0
#A57E62,#86BE2D,pattern_#A57E62_#86BE2D,0
#A57E62,#C9C9C9,pattern_#A57E62_#C9C9C9,1
#A57E62,#768597,pattern_#A57E62_#768597,0
#A57E62,#B5A45F,pattern_#A57E62_#B5A45F,0
#A57E62,#0053A5,pattern_#A57E62_#0053A5,0
#A57E62,#FAC4DB,pattern_#A57E62_#FAC4DB,1
#A57E62,#D0455F,pattern_#A57E62_#D0455F,0
#A57E62,#640B22,pattern_#A57E62_#640B22,1
#A57E62,#8E1D03,pattern_#A57E62_#8E1D03,0
#A57E62,#FDF7B2,pattern_#A57E62_#FDF7B2,1
#A57E62,#B11730,pattern_#A57E62_#B11730,0
#A57E62,#B3832E,pattern_#A57E62_#B3832E,0
#A57E62,#FAAA6E,pattern_#A57E62_#FAAA6E,0
#A57E62,#C4DDCE,pattern_#A57E62_#C4DDCE,1
#A57E62,#EBD6A7,pattern_#A57E62_#EBD6A7,1
#A57E62,#BCD2E7,pattern_#A57E62_#BCD2E7,0
#A57E62,#FFFF00,pattern_#A57E62_#FFFF00,0
#A57E62,#FFC0CB,pattern_#A57E62_#FFC0CB,1
#A57E62,#808080,pattern_#A57E62_#808080,0
#A57E62,#FFA500,pattern_#A57E62_#FFA500,0
#5C2F83,#462C0E,pattern_#5C2F83_#462C0E,0
#5C2F83,#DFC8B2,pattern_#5C2F83_#DFC8B2,1
#5C2F83,#800000,pattern_#5C2F83_#800000,0
#5C2F83,#87CEFA,pattern_#5C2F83_#87CEFA,1
#5C2F83,#614051,pattern_#5C2F83_#614051,0
#5C2F83,#FF00A8,pattern_#5C2F83_#FF00A8,0
#5C2F83,#000000,pattern_#5C2F83_#000000,1
#5C2F83,#D3D3D3,pattern_#5C2F83_#D3D3D3,1
#5C2F83,#C19A6B,pattern_#5C2F83_#C19A6B,0
#5C2F83,#00008B,pattern_#5C2F83_#00008B,0
#5C2F83,#BBE2AD,pattern_#5C2F83_#BBE2AD,0
#5C2F83,#E65A5B,pattern_#5C2F83_#E65A5B,0
#5C2F83,#0000FF,pattern_#5C2F83_#0000FF,0
#5C2F83,#153668,pattern_#5C2F83_#153668,0
#5C2F83,#B94600,pattern_#5C2F83_#B94600,0
#5C2F83,#DEB24C,pattern_#5C2F83_#DEB24C,0
#5C2F83,#F29985,pattern_#5C2F83_#F29985,0
#5C2F83,#000081,pattern_#5C2F83_#000081,0
#5C2F83,#666633,pattern_#5C2F83_#666633,0
#5C2F83,#5F5E5E,pattern_#5C2F83_#5F5E5E,1
#5C2F83,#164A0A,pattern_#5C2F83_#164A0A,0
#5C2F83,#9A8176,pattern_#5C2F83_#9A8176,0
#5C2F83,#ECE9D6,pattern_#5C2F83_#ECE9D6,1
#5C2F83,#C7A2A2,pattern_#5C2F83_#C7A2A2,1
#5C2F83,#D84936,pattern_#5C2F83_#D84936,0
#5C2F83,#BBA9E4,pattern_#5C2F83_#BBA9E4,1
#5C2F83,#3B6968,pattern_#5C2F83_#3B6968,0
#5C2F83,#FFD200,pattern_#5C2F83_#FFD200,0
#5C2F83,#008000,pattern_#5C2F83_#008000,0
#5C2F83,#86BE2D,pattern_#5C2F83_#86BE2D,0
#5C2F83,#C9C9C9,pattern_#5C2F83_#C9C9C9,1
#5C2F83,#768597,pattern_#5C2F83_#768597,0
#5C2F83,#B5A45F,pattern_#5C2F83_#B5A45F,0
#5C2F83,#0053A5,pattern_#5C2F83_#0053A5,0
#5C2F83,#FAC4DB,pattern_#5C2F83_#FAC4DB,1
#5C2F83,#D0455F,pattern_#5C2F83_#D0455F,0
#5C2F83,#640B22,pattern_#5C2F83_#640B22,0
#5C2F83,#8E1D03,pattern_#5C2F83_#8E1D03,0
#5C2F83,#FDF7B2,pattern_#5C2F83_#FDF7B2,0
#5C2F83,#B11730,pattern_#5C2F83_#B11730,0
#5C2F83,#B3832E,pattern_#5C2F83_#B3832E,0
#5C2F83,#FAAA6E,pattern_#5C2F83_#FAAA6E,0
#5C2F83,#C4DDCE,pattern_#5C2F83_#C4DDCE,1
#5C2F83,#EBD6A7,pattern_#5C2F83_#EBD6A7,0
#5C2F83,#BCD2E7,pattern_#5C2F83_#BCD2E7,1
#5C2F83,#FFFF00,pattern_#5C2F83_#FFFF00,0
#5C2F83,#FFC0CB,pattern_#5C2F83_#FFC0CB,0
#5C2F83,#808080,pattern_#5C2F83_#808080,0
#5C2F83,#FFA500,pattern_#5C2F83_#FFA500,0
#462C0E,#DFC8B2,pattern_#462C0E_#DFC8B2,1
#462C0E,#800000,pattern_#462C0E_#800000,0
#462C0E,#87CEFA,pattern_#462C0E_#87CEFA,0
#462C0E,#614051,pattern_#462C0E_#614051,0
#462C0E,#FF00A8,pattern_#462C0E_#FF00A8,0
#462C0E,#000000,pattern_#462C0E_#000000,1
#462C0E,#D3D3D3,pattern_#462C0E_#D3D3D3,1
#462C0E,#C19A6B,pattern_#462C0E_#C19A6B,1
#462C0E,#00008B,pattern_#462C0E_#00008B,0
#462C0E,#BBE2AD,pattern_#462C0E_#BBE2AD,0
#462C0E,#E65A5B,pattern_#462C0E_#E65A5B,0
#462C0E,#0000FF,pattern_#462C0E_#0000FF,0
#462C0E,#153668,pattern_#462C0E_#153668,0
#462C0E,#B94600,pattern_#462C0E_#B94600,0
#462C0E,#DEB24C,pattern_#462C0E_#DEB24C,1
#462C0E,#F29985,pattern_#462C0E_#F29985,1
#462C0E,#000081,pattern_#462C0E_#000081,0
#462C0E,#666633,pattern_#462C0E_#666633,0
#462C0E,#5F5E5E,pattern_#462C0E_#5F5E5E,0
#462C0E,#164A0A,pattern_#462C0E_#164A0A,0
#462C0E,#9A8176,pattern_#462C0E_#9A8176,1
#462C0E,#ECE9D6,pattern_#462C0E_#ECE9D6,1
#462C0E,#C7A2A2,pattern_#462C0E_#C7A2A2,0
#462C0E,#D84936,pattern_#462C0E_#D84936,0
#462C0E,#BBA9E4,pattern_#462C0E_#BBA9E4,0
#462C0E,#3B6968,pattern_#462C0E_#3B6968,0
#462C0E,#FFD200,pattern_#462C0E_#FFD200,0
#462C0E,#008000,pattern_#462C0E_#008000,0
#462C0E,#86BE2D,pattern_#462C0E_#86BE2D,0
#462C0E,#C9C9C9,pattern_#462C0E_#C9C9C9,1
#462C0E,#768597,pattern_#462C0E_#768597,0
#462C0E,#B5A45F,pattern_#462C0E_#B5A45F,0
#462C0E,#0053A5,pattern_#462C0E_#0053A5,0
#462C0E,#FAC4DB,pattern_#462C0E_#FAC4DB,1
#462C0E,#D0455F,pattern_#462C0E_#D0455F,0
#462C0E,#640B22,pattern_#462C0E_#640B22,0
#462C0E,#8E1D03,pattern_#462C0E_#8E1D03,0
#462C0E,#FDF7B2,pattern_#462C0E_#FDF7B2,1
#462C0E,#B11730,pattern_#462C0E_#B11730,0
#462C0E,#B3832E,pattern_#462C0E_#B3832E,1
#462C0E,#FAAA6E,pattern_#462C0E_#FAAA6E,0
#462C0E,#C4DDCE,pattern_#462C0E_#C4DDCE,0
#462C0E,#EBD6A7,pattern_#462C0E_#EBD6A7,1
#462C0E,#BCD2E7,pattern_#462C0E_#BCD2E7,0
#462C0E,#FFFF00,pattern_#462C0E_#FFFF00,0
#462C0E,#FFC0CB,pattern_#462C0E_#FFC0CB,1
#462C0E,#808080,pattern_#462C0E_#808080,0
#462C0E,#FFA500,pattern_#462C0E_#FFA500,0
#DFC8B2,#800000,pattern_#DFC8B2_#800000,1
#DFC8B2,#87CEFA,pattern_#DFC8B2_#87CEFA,0
#DFC8B2,#614051,pattern_#DFC8B2_#614051,1
#DFC8B2,#FF00A8,pattern_#DFC8B2_#FF00A8,0
#DFC8B2,#000000,pattern_#DFC8B2_#000000,1
#DFC8B2,#D3D3D3,pattern_#DFC8B2_#D3D3D3,0
#DFC8B2,#C19A6B,pattern_#DFC8B2_#C19A6B,1
#DFC8B2,#00008B,pattern_#DFC8B2_#00008B,1
#DFC8B2,#BBE2AD,pattern_#DFC8B2_#BBE2AD,0
#DFC8B2,#E65A5B,pattern_#DFC8B2_#E65A5B,1
#DFC8B2,#0000FF,pattern_#DFC8B2_#0000FF,1
#DFC8B2,#153668,pattern_#DFC8B2_#153668,1
#DFC8B2,#B94600,pattern_#DFC8B2_#B94600,0
#DFC8B2,#DEB24C,pattern_#DFC8B2_#DEB24C,0
#DFC8B2,#F29985,pattern_#DFC8B2_#F29985,0
#DFC8B2,#000081,pattern_#DFC8B2_#000081,1
#DFC8B2,#666633,pattern_#DFC8B2_#666633,0
#DFC8B2,#5F5E5E,pattern_#DFC8B2_#5F5E5E,1
#DFC8B2,#164A0A,pattern_#DFC8B2_#164A0A,0
#DFC8B2,#9A8176,pattern_#DFC8B2_#9A8176,1
#DFC8B2,#ECE9D6,pattern_#DFC8B2_#ECE9D6,0
#DFC8B2,#C7A2A2,pattern_#DFC8B2_#C7A2A2,0
#DFC8B2,#D84936,pattern_#DFC8B2_#D84936,0
#DFC8B2,#BBA9E4,pattern_#DFC8B2_#BBA9E4,0
#DFC8B2,#3B6968,pattern_#DFC8B2_#3B6968,1
#DFC8B2,#FFD200,pattern_#DFC8B2_#FFD200,0
#DFC8B2,#008000,pattern_#DFC8B2_#008000,0
#DFC8B2,#86BE2D,pattern_#DFC8B2_#86BE2D,0
#DFC8B2,#C9C9C9,pattern_#DFC8B2_#C9C9C9,0
#DFC8B2,#768597,pattern_#DFC8B2_#768597,1
#DFC8B2,#B5A45F,pattern_#DFC8B2_#B5A45F,0
#DFC8B2,#0053A5,pattern_#DFC8B2_#0053A5,1
#DFC8B2,#FAC4DB,pattern_#DFC8B2_#FAC4DB,0
#DFC8B2,#D0455F,pattern_#DFC8B2_#D0455F,1
#DFC8B2,#640B22,pattern_#DFC8B2_#640B22,1
#DFC8B2,#8E1D03,pattern_#DFC8B2_#8E1D03,0
#DFC8B2,#FDF7B2,pattern_#DFC8B2_#FDF7B2,0
#DFC8B2,#B11730,pattern_#DFC8B2_#B11730,1
#DFC8B2,#B3832E,pattern_#DFC8B2_#B3832E,0
#DFC8B2,#FAAA6E,pattern_#DFC8B2_#FAAA6E,0
#DFC8B2,#C4DDCE,pattern_#DFC8B2_#C4DDCE,0
#DFC8B2,#EBD6A7,pattern_#DFC8B2_#EBD6A7,0
#DFC8B2,#BCD2E7,pattern_#DFC8B2_#BCD2E7,0
#DFC8B2,#FFFF00,pattern_#DFC8B2_#FFFF00,0
#DFC8B2,#FFC0CB,pattern_#DFC8B2_#FFC0CB,1
#DFC8B2,#808080,pattern_#DFC8B2_#808080,1
#DFC8B2,#FFA500,pattern_#DFC8B2_#FFA500,0
#800000,#87CEFA,pattern_#800000_#87CEFA,0
#800000,#614051,pattern_#800000_#614051,0
#800000,#FF00A8,pattern_#800000_#FF00A8,0
#800000,#000000,pattern_#800000_#000000,1
#800000,#D3D3D3,pattern_#800000_#D3D3D3,1
#800000,#C19A6B,pattern_#800000_#C19A6B,0
#800000,#00008B,pattern_#800000_#00008B,0
#800000,#BBE2AD,pattern_#800000_#BBE2AD,0
#800000,#E65A5B,pattern_#800000_#E65A5B,0
#800000,#0000FF,pattern_#800000_#0000FF,0
#800000,#153668,pattern_#800000_#153668,1
#800000,#B94600,pattern_#800000_#B94600,0
#800000,#DEB24C,pattern_#800000_#DEB24C,0
#800000,#F29985,pattern_#800000_#F29985,0
#800000,#000081,pattern_#800000_#000081,0
#800000,#666633,pattern_#800000_#666633,0
#800000,#5F5E5E,pattern_#800000_#5F5E5E,1
#800000,#164A0A,pattern_#800000_#164A0A,0
#800000,#9A8176,pattern_#800000_#9A8176,1
#800000,#ECE9D6,pattern_#800000_#ECE9D6,1
#800000,#C7A2A2,pattern_#800000_#C7A2A2,0
#800000,#D84936,pattern_#800000_#D84936,0
#800000,#BBA9E4,pattern_#800000_#BBA9E4,0
#800000,#3B6968,pattern_#800000_#3B6968,0
#800000,#FFD200,pattern_#800000_#FFD200,0
#800000,#008000,pattern_#800000_#008000,0
#800000,#86BE2D,pattern_#800000_#86BE2D,0
#800000,#C9C9C9,pattern_#800000_#C9C9C9,1
#800000,#768597,pattern_#800000_#768597,0
#800000,#B5A45F,pattern_#800000_#B5A45F,0
#800000,#0053A5,pattern_#800000_#0053A5,0
#800000,#FAC4DB,pattern_#800000_#FAC4DB,1
#800000,#D0455F,pattern_#800000_#D0455F,0
#800000,#640B22,pattern_#800000_#640B22,0
#800000,#8E1D03,pattern_#800000_#8E1D03,0
#800000,#FDF7B2,pattern_#800000_#FDF7B2,1
#800000,#B11730,pattern_#800000_#B11730,0
#800000,#B3832E,pattern_#800000_#B3832E,0
#800000,#FAAA6E,pattern_#800000_#FAAA6E,1
#800000,#C4DDCE,pattern_#800000_#C4DDCE,0
#800000,#EBD6A7,pattern_#800000_#EBD6A7,1
#800000,#BCD2E7,pattern_#800000_#BCD2E7,0
#800000,#FFFF00,pattern_#800000_#FFFF00,0
#800000,#FFC0CB,pattern_#800000_#FFC0CB,1
#800000,#808080,pattern_#800000_#808080,0
#800000,#FFA500,pattern_#800000_#FFA500,0
#87CEFA,#614051,pattern_#87CEFA_#614051,1
#87CEFA,#FF00A8,pattern_#87CEFA_#FF00A8,0
#87CEFA,#000000,pattern_#87CEFA_#000000,1
#87CEFA,#D3D3D3,pattern_#87CEFA_#D3D3D3,0
#87CEFA,#C19A6B,pattern_#87CEFA_#C19A6B,0
#87CEFA,#00008B,pattern_#87CEFA_#00008B,1
#87CEFA,#BBE2AD,pattern_#87CEFA_#BBE2AD,0
#87CEFA,#E65A5B,pattern_#87CEFA_#E65A5B,0
#87CEFA,#0000FF,pattern_#87CEFA_#0000FF,1
#87CEFA,#153668,pattern_#87CEFA_#153668,1
#87CEFA,#B94600,pattern_#87CEFA_#B94600,0
#87CEFA,#DEB24C,pattern_#87CEFA_#DEB24C,0
#87CEFA,#F29985,pattern_#87CEFA_#F29985,0
#87CEFA,#000081,pattern_#87CEFA_#000081,1
#87CEFA,#666633,pattern_#87CEFA_#666633,0
#87CEFA,#5F5E5E,pattern_#87CEFA_#5F5E5E,0
#87CEFA,#164A0A,pattern_#87CEFA_#164A0A,0
#87CEFA,#9A8176,pattern_#87CEFA_#9A8176,0
#87CEFA,#ECE9D6,pattern_#87CEFA_#ECE9D6,1
#87CEFA,#C7A2A2,pattern_#87CEFA_#C7A2A2,0
#87CEFA,#D84936,pattern_#87CEFA_#D84936,0
#87CEFA,#BBA9E4,pattern_#87CEFA_#BBA9E4,0
#87CEFA,#3B6968,pattern_#87CEFA_#3B6968,1
#87CEFA,#FFD200,pattern_#87CEFA_#FFD200,0
#87CEFA,#008000,pattern_#87CEFA_#008000,0
#87CEFA,#86BE2D,pattern_#87CEFA_#86BE2D,0
#87CEFA,#C9C9C9,pattern_#87CEFA_#C9C9C9,0
#87CEFA,#768597,pattern_#87CEFA_#768597,1
#87CEFA,#B5A45F,pattern_#87CEFA_#B5A45F,0
#87CEFA,#0053A5,pattern_#87CEFA_#0053A5,1
#87CEFA,#FAC4DB,pattern_#87CEFA_#FAC4DB,0
#87CEFA,#D0455F,pattern_#87CEFA_#D0455F,0
#87CEFA,#640B22,pattern_#87CEFA_#640B22,1
#87CEFA,#8E1D03,pattern_#87CEFA_#8E1D03,0
#87CEFA,#FDF7B2,pattern_#87CEFA_#FDF7B2,1
#87CEFA,#B11730,pattern_#87CEFA_#B11730,0
#87CEFA,#B3832E,pattern_#87CEFA_#B3832E,0
#87CEFA,#FAAA6E,pattern_#87CEFA_#FAAA6E,0
#87CEFA,#C4DDCE,pattern_#87CEFA_#C4DDCE,0
#87CEFA,#EBD6A7,pattern_#87CEFA_#EBD6A7,0
#87CEFA,#BCD2E7,pattern_#87CEFA_#BCD2E7,0
#87CEFA,#FFFF00,pattern_#87CEFA_#FFFF00,0
#87CEFA,#FFC0CB,pattern_#87CEFA_#FFC0CB,0
#87CEFA,#808080,pattern_#87CEFA_#808080,1
#87CEFA,#FFA500,pattern_#87CEFA_#FFA500,0
#614051,#FF00A8,pattern_#614051_#FF00A8,0
#614051,#000000,pattern_#614051_#000000,1
#614051,#D3D3D3,pattern_#614051_#D3D3D3,1
#614051,#C19A6B,pattern_#614051_#C19A6B,0
#614051,#00008B,pattern_#614051_#00008B,0
#614051,#BBE2AD,pattern_#614051_#BBE2AD,1
#614051,#E65A5B,pattern_#614051_#E65A5B,0
#614051,#0000FF,pattern_#614051_#0000FF,0
#614051,#153668,pattern_#614051_#153668,0
#614051,#B94600,pattern_#614051_#B94600,0
#614051,#DEB24C,pattern_#614051_#DEB24C,0
#614051,#F29985,pattern_#614051_#F29985,1
#614051,#000081,pattern_#614051_#000081,0
#614051,#666633,pattern_#614051_#666633,0
#614051,#5F5E5E,pattern_#614051_#5F5E5E,1
#614051,#164A0A,pattern_#614051_#164A0A,0
#614051,#9A8176,pattern_#614051_#9A8176,1
#614051,#ECE9D6,pattern_#614051_#ECE9D6,1
#614051,#C7A2A2,pattern_#614051_#C7A2A2,1
#614051,#D84936,pattern_#614051_#D84936,0
#614051,#BBA9E4,pattern_#614051_#BBA9E4,1
#614051,#3B6968,pattern_#614051_#3B6968,0
#614051,#FFD200,pattern_#614051_#FFD200,0
#614051,#008000,pattern_#614051_#008000,0
#614051,#86BE2D,pattern_#614051_#86BE2D,0
#614051,#C9C9C9,pattern_#614051_#C9C9C9,1
#614051,#768597,pattern_#614051_#768597,0
#614051,#B5A45F,pattern_#614051_#B5A45F,0
#614051,#0053A5,pattern_#614051_#0053A5,0
#614051,#FAC4DB,pattern_#614051_#FAC4DB,1
#614051,#D0455F,pattern_#614051_#D0455F,0
#614051,#640B22,pattern_#614051_#640B22,0
#614051,#8E1D03,pattern_#614051_#8E1D03,0
#614051,#FDF7B2,pattern_#614051_#FDF7B2,1
#614051,#B11730,pattern_#614051_#B11730,0
#614051,#B3832E,pattern_#614051_#B3832E,0
#614051,#FAAA6E,pattern_#614051_#FAAA6E,1
#614051,#C4DDCE,pattern_#614051_#C4DDCE,1
#614051,#EBD6A7,pattern_#614051_#EBD6A7,1
#614051,#BCD2E7,pattern_#614051_#BCD2E7,1
#614051,#FFFF00,pattern_#614051_#FFFF00,0
#614051,#FFC0CB,pattern_#614051_#FFC0CB,1
#614051,#808080,pattern_#614051_#808080,0
#614051,#FFA500,pattern_#614051_#FFA500,0
#FF00A8,#000000,pattern_#FF00A8_#000000,1
#FF00A8,#D3D3D3,pattern_#FF00A8_#D3D3D3,0
#FF00A8,#C19A6B,pattern_#FF00A8_#C19A6B,0
#FF00A8,#00008B,pattern_#FF00A8_#00008B,1
#FF00A8,#BBE2AD,pattern_#FF00A8_#BBE2AD,0
#FF00A8,#E65A5B,pattern_#FF00A8_#E65A5B,0
#FF00A8,#0000FF,pattern_#FF00A8_#0000FF,1
#FF00A8,#153668,pattern_#FF00A8_#153668,1
#FF00A8,#B94600,pattern_#FF00A8_#B94600,0
#FF00A8,#DEB24C,pattern_#FF00A8_#DEB24C,0
#FF00A8,#F29985,pattern_#FF00A8_#F29985,1
#FF00A8,#000081,pattern_#FF00A8_#000081,1
#FF00A8,#666633,pattern_#FF00A8_#666633,0
#FF00A8,#5F5E5E,pattern_#FF00A8_#5F5E5E,1
#FF00A8,#164A0A,pattern_#FF00A8_#164A0A,0
#FF00A8,#9A8176,pattern_#FF00A8_#9A8176,1
#FF00A8,#ECE9D6,pattern_#FF00A8_#ECE9D6,1
#FF00A8,#C7A2A2,pattern_#FF00A8_#C7A2A2,1
#FF00A8,#D84936,pattern_#FF00A8_#D84936,0
#FF00A8,#BBA9E4,pattern_#FF00A8_#BBA9E4,0
#FF00A8,#3B6968,pattern_#FF00A8_#3B6968,0
#FF00A8,#FFD200,pattern_#FF00A8_#FFD200,0
#FF00A8,#008000,pattern_#FF00A8_#008000,0
#FF00A8,#86BE2D,pattern_#FF00A8_#86BE2D,0
#FF00A8,#C9C9C9,pattern_#FF00A8_#C9C9C9,1
#FF00A8,#768597,pattern_#FF00A8_#768597,1
#FF00A8,#B5A45F,pattern_#FF00A8_#B5A45F,0
#FF00A8,#0053A5,pattern_#FF00A8_#0053A5,0
#FF00A8,#FAC4DB,pattern_#FF00A8_#FAC4DB,0
#FF00A8,#D0455F,pattern_#FF00A8_#D0455F,0
#FF00A8,#640B22,pattern_#FF00A8_#640B22,1
#FF00A8,#8E1D03,pattern_#FF00A8_#8E1D03,0
#FF00A8,#FDF7B2,pattern_#FF00A8_#FDF7B2,1
#FF00A8,#B11730,pattern_#FF00A8_#B11730,0
#FF00A8,#B3832E,pattern_#FF00A8_#B3832E,0
#FF00A8,#FAAA6E,pattern_#FF00A8_#FAAA6E,0
#FF00A8,#C4DDCE,pattern_#FF00A8_#C4DDCE,0
#FF00A8,#EBD6A7,pattern_#FF00A8_#EBD6A7,0
#FF00A8,#BCD2E7,pattern_#FF00A8_#BCD2E7,1
#FF00A8,#FFFF00,pattern_#FF00A8_#FFFF00,0
#FF00A8,#FFC0CB,pattern_#FF00A8_#FFC0CB,0
#FF00A8,#808080,pattern_#FF00A8_#808080,1
#FF00A8,#FFA500,pattern_#FF00A8_#FFA500,0
#000000,#D3D3D3,pattern_#000000_#D3D3D3,1
#000000,#C19A6B,pattern_#000000_#C19A6B,1
#000000,#00008B,pattern_#000000_#00008B,1
#000000,#BBE2AD,pattern_#000000_#BBE2AD,1
#000000,#E65A5B,pattern_#000000_#E65A5B,1
#000000,#0000FF,pattern_#000000_#0000FF,1
#000000,#153668,pattern_#000000_#153668,1
#000000,#B94600,pattern_#000000_#B94600,1
#000000,#DEB24C,pattern_#000000_#DEB24C,1
#000000,#F29985,pattern_#000000_#F29985,1
#000000,#000081,pattern_#000000_#000081,1
#000000,#666633,pattern_#000000_#666633,1
#000000,#5F5E5E,pattern_#000000_#5F5E5E,1
#000000,#164A0A,pattern_#000000_#164A0A,1
#000000,#9A8176,pattern_#000000_#9A8176,1
#000000,#ECE9D6,pattern_#000000_#ECE9D6,1
#000000,#C7A2A2,pattern_#000000_#C7A2A2,1
#000000,#D84936,pattern_#000000_#D84936,1
#000000,#BBA9E4,pattern_#000000_#BBA9E4,1
#000000,#3B6968,pattern_#000000_#3B6968,1
#000000,#FFD200,pattern_#000000_#FFD200,1
#000000,#008000,pattern_#000000_#008000,1
#000000,#86BE2D,pattern_#000000_#86BE2D,1
#000000,#C9C9C9,pattern_#000000_#C9C9C9,1
#000000,#768597,pattern_#000000_#768597,1
#000000,#B5A45F,pattern_#000000_#B5A45F,1
#000000,#0053A5,pattern_#000000_#0053A5,1
#000000,#FAC4DB,pattern_#000000_#FAC4DB,1
#000000,#D0455F,pattern_#000000_#D0455F,1
#000000,#640B22,pattern_#000000_#640B22,1
#000000,#8E1D03,pattern_#000000_#8E1D03,1
#000000,#FDF7B2,pattern_#000000_#FDF7B2,1
#000000,#B11730,pattern_#000000_#B11730,1
#000000,#B3832E,pattern_#000000_#B3832E,1
#000000,#FAAA6E,pattern_#000000_#FAAA6E,1
#000000,#C4DDCE,pattern_#000000_#C4DDCE,1
#000000,#EBD6A7,pattern_#000000_#EBD6A7,1
#000000,#BCD2E7,pattern_#000000_#BCD2E7,1
#000000,#FFFF00,pattern_#000000_#FFFF00,1
#000000,#FFC0CB,pattern_#000000_#FFC0CB,1
#000000,#808080,pattern_#000000_#808080,1
#000000,#FFA500,pattern_#000000_#FFA500,1
#D3D3D3,#C19A6B,pattern_#D3D3D3_#C19A6B,1
#D3D3D3,#00008B,pattern_#D3D3D3_#00008B,1
#D3D3D3,#BBE2AD,pattern_#D3D3D3_#BBE2AD,1
#D3D3D3,#E65A5B,pattern_#D3D3D3_#E65A5B,0
#D3D3D3,#0000FF,pattern_#D3D3D3_#0000FF,1
#D3D3D3,#153668,pattern_#D3D3D3_#153668,1
#D3D3D3,#B94600,pattern_#D3D3D3_#B94600,0
#D3D3D3,#DEB24C,pattern_#D3D3D3_#DEB24C,0
#D3D3D3,#F29985,pattern_#D3D3D3_#F29985,0
#D3D3D3,#000081,pattern_#D3D3D3_#000081,1
#D3D3D3,#666633,pattern_#D3D3D3_#666633,0
#D3D3D3,#5F5E5E,pattern_#D3D3D3_#5F5E5E,1
#D3D3D3,#164A0A,pattern_#D3D3D3_#164A0A,1
#D3D3D3,#9A8176,pattern_#D3D3D3_#9A8176,1
#D3D3D3,#ECE9D6,pattern_#D3D3D3_#ECE9D6,1
#D3D3D3,#C7A2A2,pattern_#D3D3D3_#C7A2A2,1
#D3D3D3,#D84936,pattern_#D3D3D3_#D84936,1
#D3D3D3,#BBA9E4,pattern_#D3D3D3_#BBA9E4,1
#D3D3D3,#3B6968,pattern_#D3D3D3_#3B6968,1
#D3D3D3,#FFD200,pattern_#D3D3D3_#FFD200,1
#D3D3D3,#008000,pattern_#D3D3D3_#008000,1
#D3D3D3,#86BE2D,pattern_#D3D3D3_#86BE2D,0
#D3D3D3,#C9C9C9,pattern_#D3D3D3_#C9C9C9,1
#D3D3D3,#768597,pattern_#D3D3D3_#768597,1
#D3D3D3,#B5A45F,pattern_#D3D3D3_#B5A45F,0
#D3D3D3,#0053A5,pattern_#D3D3D3_#0053A5,1
#D3D3D3,#FAC4DB,pattern_#D3D3D3_#FAC4DB,1
#D3D3D3,#D0455F,pattern_#D3D3D3_#D0455F,1
#D3D3D3,#640B22,pattern_#D3D3D3_#640B22,1
#D3D3D3,#8E1D03,pattern_#D3D3D3_#8E1D03,1
#D3D3D3,#FDF7B2,pattern_#D3D3D3_#FDF7B2,0
#D3D3D3,#B11730,pattern_#D3D3D3_#B11730,1
#D3D3D3,#B3832E,pattern_#D3D3D3_#B3832E,1
#D3D3D3,#FAAA6E,pattern_#D3D3D3_#FAAA6E,0
#D3D3D3,#C4DDCE,pattern_#D3D3D3_#C4DDCE,1
#D3D3D3,#EBD6A7,pattern_#D3D3D3_#EBD6A7,0
#D3D3D3,#BCD2E7,pattern_#D3D3D3_#BCD2E7,0
#D3D3D3,#FFFF00,pattern_#D3D3D3_#FFFF00,0
#D3D3D3,#FFC0CB,pattern_#D3D3D3_#FFC0CB,1
#D3D3D3,#808080,pattern_#D3D3D3_#808080,1
#D3D3D3,#FFA500,pattern_#D3D3D3_#FFA500,0
#C19A6B,#00008B,pattern_#C19A6B_#00008B,1
#C19A6B,#BBE2AD,pattern_#C19A6B_#BBE2AD,0
#C19A6B,#E65A5B,pattern_#C19A6B_#E65A5B,1
#C19A6B,#0000FF,pattern_#C19A6B_#0000FF,1
#C19A6B,#153668,pattern_#C19A6B_#153668,1
#C19A6B,#B94600,pattern_#C19A6B_#B94600,0
#C19A6B,#DEB24C,pattern_#C19A6B_#DEB24C,0
#C19A6B,#F29985,pattern_#C19A6B_#F29985,0
#C19A6B,#000081,pattern_#C19A6B_#000081,1
#C19A6B,#666633,pattern_#C19A6B_#666633,0
#C19A6B,#5F5E5E,pattern_#C19A6B_#5F5E5E,1
#C19A6B,#164A0A,pattern_#C19A6B_#164A0A,1
#C19A6B,#9A8176,pattern_#C19A6B_#9A8176,0
#C19A6B,#ECE9D6,pattern_#C19A6B_#ECE9D6,1
#C19A6B,#C7A2A2,pattern_#C19A6B_#C7A2A2,0
#C19A6B,#D84936,pattern_#C19A6B_#D84936,0
#C19A6B,#BBA9E4,pattern_#C19A6B_#BBA9E4,0
#C19A6B,#3B6968,pattern_#C19A6B_#3B6968,1
#C19A6B,#FFD200,pattern_#C19A6B_#FFD200,0
#C19A6B,#008000,pattern_#C19A6B_#008000,0
#C19A6B,#86BE2D,pattern_#C19A6B_#86BE2D,0
#C19A6B,#C9C9C9,pattern_#C19A6B_#C9C9C9,1
#C19A6B,#768597,pattern_#C19A6B_#768597,1
#C19A6B,#B5A45F,pattern_#C19A6B_#B5A45F,0
#C19A6B,#0053A5,pattern_#C19A6B_#0053A5,1
#C19A6B,#FAC4DB,pattern_#C19A6B_#FAC4DB,1
#C19A6B,#D0455F,pattern_#C19A6B_#D0455F,0
#C19A6B,#640B22,pattern_#C19A6B_#640B22,1
#C19A6B,#8E1D03,pattern_#C19A6B_#8E1D03,0
#C19A6B,#FDF7B2,pattern_#C19A6B_#FDF7B2,1
#C19A6B,#B11730,pattern_#C19A6B_#B11730,0
#C19A6B,#B3832E,pattern_#C19A6B_#B3832E,0
#C19A6B,#FAAA6E,pattern_#C19A6B_#FAAA6E,0
#C19A6B,#C4DDCE,pattern_#C19A6B_#C4DDCE,0
#C19A6B,#EBD6A7,pattern_#C19A6B_#EBD6A7,0
#C19A6B,#BCD2E7,pattern_#C19A6B_#BCD2E7,0
#C19A6B,#FFFF00,pattern_#C19A6B_#FFFF00,0
#C19A6B,#FFC0CB,pattern_#C19A6B_#FFC0CB,1
#C19A6B,#808080,pattern_#C19A6B_#808080,1
#C19A6B,#FFA500,pattern_#C19A6B_#FFA500,0
#00008B,#BBE2AD,pattern_#00008B_#BBE2AD,1
#00008B,#E65A5B,pattern_#00008B_#E65A5B,1
#00008B,#0000FF,pattern_#00008B_#0000FF,1
#00008B,#153668,pattern_#00008B_#153668,1
#00008B,#B94600,pattern_#00008B_#B94600,1
#00008B,#DEB24C,pattern_#00008B_#DEB24C,1
#00008B,#F29985,pattern_#00008B_#F29985,1
#00008B,#000081,pattern_#00008B_#000081,1
#00008B,#666633,pattern_#00008B_#666633,1
#00008B,#5F5E5E,pattern_#00008B_#5F5E5E,1
#00008B,#164A0A,pattern_#00008B_#164A0A,1
#00008B,#9A8176,pattern_#00008B_#9A8176,1
#00008B,#ECE9D6,pattern_#00008B_#ECE9D6,1
#00008B,#C7A2A2,pattern_#00008B_#C7A2A2,1
#00008B,#D84936,pattern_#00008B_#D84936,1
#00008B,#BBA9E4,pattern_#00008B_#BBA9E4,1
#00008B,#3B6968,pattern_#00008B_#3B6968,1
#00008B,#FFD200,pattern_#00008B_#FFD200,1
#00008B,#008000,pattern_#00008B_#008000,1
#00008B,#86BE2D,pattern_#00008B_#86BE2D,1
#00008B,#C9C9C9,pattern_#00008B_#C9C9C9,1
#00008B,#768597,pattern_#00008B_#768597,1
#00008B,#B5A45F,pattern_#00008B_#B5A45F,1
#00008B,#0053A5,pattern_#00008B_#0053A5,1
#00008B,#FAC4DB,pattern_#00008B_#FAC4DB,1
#00008B,#D0455F,pattern_#00008B_#D0455F,1
#00008B,#640B22,pattern_#00008B_#640B22,1
#00008B,#8E1D03,pattern_#00008B_#8E1D03,1
#00008B,#FDF7B2,pattern_#00008B_#FDF7B2,1
#00008B,#B11730,pattern_#00008B_#B11730,1
#00008B,#B3832E,pattern_#00008B_#B3832E,1
#00008B,#FAAA6E,pattern_#00008B_#FAAA6E,1
#00008B,#C4DDCE,pattern_#00008B_#C4DDCE,1
#00008B,#EBD6A7,pattern_#00008B_#EBD6A7,1
#00008B,#BCD2E7,pattern_#00008B_#BCD2E7,1
#00008B,#FFFF00,pattern_#00008B_#FFFF00,1
#00008B,#FFC0CB,pattern_#00008B_#FFC0CB,1
#00008B,#808080,pattern_#00008B_#808080,1
#00008B,#FFA500,pattern_#00008B_#FFA500,1
#BBE2AD,#E65A5B,pattern_#BBE2AD_#E65A5B,0
#BBE2AD,#0000FF,pattern_#BBE2AD_#0000FF,0
#BBE2AD,#153668,pattern_#BBE2AD_#153668,0
#BBE2AD,#B94600,pattern_#BBE2AD_#B94600,0
#BBE2AD,#DEB24C,pattern_#BBE2AD_#DEB24C,0
#BBE2AD,#F29985,pattern_#BBE2AD_#F29985,0
#BBE2AD,#000081,pattern_#BBE2AD_#000081,1
#BBE2AD,#666633,pattern_#BBE2AD_#666633,1
#BBE2AD,#5F5E5E,pattern_#BBE2AD_#5F5E5E,1
#BBE2AD,#164A0A,pattern_#BBE2AD_#164A0A,1
#BBE2AD,#9A8176,pattern_#BBE2AD_#9A8176,0
#BBE2AD,#ECE9D6,pattern_#BBE2AD_#ECE9D6,1
#BBE2AD,#C7A2A2,pattern_#BBE2AD_#C7A2A2,0
#BBE2AD,#D84936,pattern_#BBE2AD_#D84936,0
#BBE2AD,#BBA9E4,pattern_#BBE2AD_#BBA9E4,0
#BBE2AD,#3B6968,pattern_#BBE2AD_#3B6968,1
#BBE2AD,#FFD200,pattern_#BBE2AD_#FFD200,0
#BBE2AD,#008000,pattern_#BBE2AD_#008000,0
#BBE2AD,#86BE2D,pattern_#BBE2AD_#86BE2D,0
#BBE2AD,#C9C9C9,pattern_#BBE2AD_#C9C9C9,0
#BBE2AD,#768597,pattern_#BBE2AD_#768597,1
#BBE2AD,#B5A45F,pattern_#BBE2AD_#B5A45F,0
#BBE2AD,#0053A5,pattern_#BBE2AD_#0053A5,1
#BBE2AD,#FAC4DB,pattern_#BBE2AD_#FAC4DB,0
#BBE2AD,#D0455F,pattern_#BBE2AD_#D0455F,0
#BBE2AD,#640B22,pattern_#BBE2AD_#640B22,1
#BBE2AD,#8E1D03,pattern_#BBE2AD_#8E1D03,0
#BBE2AD,#FDF7B2,pattern_#BBE2AD_#FDF7B2,0
#BBE2AD,#B11730,pattern_#BBE2AD_#B11730,1
#BBE2AD,#B3832E,pattern_#BBE2AD_#B3832E,0
#BBE2AD,#FAAA6E,pattern_#BBE2AD_#FAAA6E,0
#BBE2AD,#C4DDCE,pattern_#BBE2AD_#C4DDCE,0
#BBE2AD,#EBD6A7,pattern_#BBE2AD_#EBD6A7,0
#BBE2AD,#BCD2E7,pattern_#BBE2AD_#BCD2E7,1
#BBE2AD,#FFFF00,pattern_#BBE2AD_#FFFF00,0
#BBE2AD,#FFC0CB,pattern_#BBE2AD_#FFC0CB,0
#BBE2AD,#808080,pattern_#BBE2AD_#808080,1
#BBE2AD,#FFA500,pattern_#BBE2AD_#FFA500,0
#E65A5B,#0000FF,pattern_#E65A5B_#0000FF,1
#E65A5B,#153668,pattern_#E65A5B_#153668,1
#E65A5B,#B94600,pattern_#E65A5B_#B94600,0
#E65A5B,#DEB24C,pattern_#E65A5B_#DEB24C,0
#E65A5B,#F29985,pattern_#E65A5B_#F29985,1
#E65A5B,#000081,pattern_#E65A5B_#000081,1
#E65A5B,#666633,pattern_#E65A5B_#666633,0
#E65A5B,#5F5E5E,pattern_#E65A5B_#5F5E5E,1
#E65A5B,#164A0A,pattern_#E65A5B_#164A0A,0
#E65A5B,#9A8176,pattern_#E65A5B_#9A8176,1
#E65A5B,#ECE9D6,pattern_#E65A5B_#ECE9D6,1
#E65A5B,#C7A2A2,pattern_#E65A5B_#C7A2A2,1
#E65A5B,#D84936,pattern_#E65A5B_#D84936,0
#E65A5B,#BBA9E4,pattern_#E65A5B_#BBA9E4,1
#E65A5B,#3B6968,pattern_#E65A5B_#3B6968,1
#E65A5B,#FFD200,pattern_#E65A5B_#FFD200,0
#E65A5B,#008000,pattern_#E65A5B_#008000,0
#E65A5B,#86BE2D,pattern_#E65A5B_#86BE2D,0
#E65A5B,#C9C9C9,pattern_#E65A5B_#C9C9C9,1
#E65A5B,#768597,pattern_#E65A5B_#768597,1
#E65A5B,#B5A45F,pattern_#E65A5B_#B5A45F,0
#E65A5B,#0053A5,pattern_#E65A5B_#0053A5,1
#E65A5B,#FAC4DB,pattern_#E65A5B_#FAC4DB,1
#E65A5B,#D0455F,pattern_#E65A5B_#D0455F,0
#E65A5B,#640B22,pattern_#E65A5B_#640B22,1
#E65A5B,#8E1D03,pattern_#E65A5B_#8E1D03,0
#E65A5B,#FDF7B2,pattern_#E65A5B_#FDF7B2,1
#E65A5B,#B11730,pattern_#E65A5B_#B11730,1
#E65A5B,#B3832E,pattern_#E65A5B_#B3832E,0
#E65A5B,#FAAA6E,pattern_#E65A5B_#FAAA6E,0
#E65A5B,#C4DDCE,pattern_#E65A5B_#C4DDCE,1
#E65A5B,#EBD6A7,pattern_#E65A5B_#EBD6A7,0
#E65A5B,#BCD2E7,pattern_#E65A5B_#BCD2E7,0
#E65A5B,#FFFF00,pattern_#E65A5B_#FFFF00,0
#E65A5B,#FFC0CB,pattern_#E65A5B_#FFC0CB,1
#E65A5B,#808080,pattern_#E65A5B_#808080,1
#E65A5B,#FFA500,pattern_#E65A5B_#FFA500,0
#0000FF,#153668,pattern_#0000FF_#153668,1
#0000FF,#B94600,pattern_#0000FF_#B94600,0
#0000FF,#DEB24C,pattern_#0000FF_#DEB24C,0
#0000FF,#F29985,pattern_#0000FF_#F29985,0
#0000FF,#000081,pattern_#0000FF_#000081,1
#0000FF,#666633,pattern_#0000FF_#666633,0
#0000FF,#5F5E5E,pattern_#0000FF_#5F5E5E,1
#0000FF,#164A0A,pattern_#0000FF_#164A0A,0
#0000FF,#9A8176,pattern_#0000FF_#9A8176,1
#0000FF,#ECE9D6,pattern_#0000FF_#ECE9D6,1
#0000FF,#C7A2A2,pattern_#0000FF_#C7A2A2,1
#0000FF,#D84936,pattern_#0000FF_#D84936,0
#0000FF,#BBA9E4,pattern_#0000FF_#BBA9E4,1
#0000FF,#3B6968,pattern_#0000FF_#3B6968,0
#0000FF,#FFD200,pattern_#0000FF_#FFD200,0
#0000FF,#008000,pattern_#0000FF_#008000,0
#0000FF,#86BE2D,pattern_#0000FF_#86BE2D,0
#0000FF,#C9C9C9,pattern_#0000FF_#C9C9C9,0
#0000FF,#768597,pattern_#0000FF_#768597,1
#0000FF,#B5A45F,pattern_#0000FF_#B5A45F,0
#0000FF,#0053A5,pattern_#0000FF_#0053A5,1
#0000FF,#FAC4DB,pattern_#0000FF_#FAC4DB,1
#0000FF,#D0455F,pattern_#0000FF_#D0455F,1
#0000FF,#640B22,pattern_#0000FF_#640B22,1
#0000FF,#8E1D03,pattern_#0000FF_#8E1D03,0
#0000FF,#FDF7B2,pattern_#0000FF_#FDF7B2,1
#0000FF,#B11730,pattern_#0000FF_#B11730,0
#0000FF,#B3832E,pattern_#0000FF_#B3832E,0
#0000FF,#FAAA6E,pattern_#0000FF_#FAAA6E,0
#0000FF,#C4DDCE,pattern_#0000FF_#C4DDCE,1
#0000FF,#EBD6A7,pattern_#0000FF_#EBD6A7,0
#0000FF,#BCD2E7,pattern_#0000FF_#BCD2E7,1
#0000FF,#FFFF00,pattern_#0000FF_#FFFF00,0
#0000FF,#FFC0CB,pattern_#0000FF_#FFC0CB,1
#0000FF,#808080,pattern_#0000FF_#808080,1
#0000FF,#FFA500,pattern_#0000FF_#FFA500,0
#153668,#B94600,pattern_#153668_#B94600,0
#153668,#DEB24C,pattern_#153668_#DEB24C,1
#153668,#F29985,pattern_#153668_#F29985,1
#153668,#000081,pattern_#153668_#000081,1
#153668,#666633,pattern_#153668_#666633,1
#153668,#5F5E5E,pattern_#153668_#5F5E5E,1
#153668,#164A0A,pattern_#153668_#164A0A,1
#153668,#9A8176,pattern_#153668_#9A8176,1
#153668,#ECE9D6,pattern_#153668_#ECE9D6,1
#153668,#C7A2A2,pattern_#153668_#C7A2A2,1
#153668,#D84936,pattern_#153668_#D84936,1
#153668,#BBA9E4,pattern_#153668_#BBA9E4,1
#153668,#3B6968,pattern_#153668_#3B6968,1
#153668,#FFD200,pattern_#153668_#FFD200,1
#153668,#008000,pattern_#153668_#008000,1
#153668,#86BE2D,pattern_#153668_#86BE2D,1
#153668,#C9C9C9,pattern_#153668_#C9C9C9,1
#153668,#768597,pattern_#153668_#768597,1
#153668,#B5A45F,pattern_#153668_#B5A45F,1
#153668,#0053A5,pattern_#153668_#0053A5,1
#153668,#FAC4DB,pattern_#153668_#FAC4DB,1
#153668,#D0455F,pattern_#153668_#D0455F,1
#153668,#640B22,pattern_#153668_#640B22,1
#153668,#8E1D03,pattern_#153668_#8E1D03,1
#153668,#FDF7B2,pattern_#153668_#FDF7B2,1
#153668,#B11730,pattern_#153668_#B11730,1
#153668,#B3832E,pattern_#153668_#B3832E,1
#153668,#FAAA6E,pattern_#153668_#FAAA6E,1
#153668,#C4DDCE,pattern_#153668_#C4DDCE,1
#153668,#EBD6A7,pattern_#153668_#EBD6A7,1
#153668,#BCD2E7,pattern_#153668_#BCD2E7,1
#153668,#FFFF00,pattern_#153668_#FFFF00,1
#153668,#FFC0CB,pattern_#153668_#FFC0CB,1
#153668,#808080,pattern_#153668_#808080,1
#153668,#FFA500,pattern_#153668_#FFA500,1
#B94600,#DEB24C,pattern_#B94600_#DEB24C,1
#B94600,#F29985,pattern_#B94600_#F29985,0
#B94600,#000081,pattern_#B94600_#000081,1
#B94600,#666633,pattern_#B94600_#666633,0
#B94600,#5F5E5E,pattern_#B94600_#5F5E5E,0
#B94600,#164A0A,pattern_#B94600_#164A0A,0
#B94600,#9A8176,pattern_#B94600_#9A8176,0
#B94600,#ECE9D6,pattern_#B94600_#ECE9D6,1
#B94600,#C7A2A2,pattern_#B94600_#C7A2A2,0
#B94600,#D84936,pattern_#B94600_#D84936,0
#B94600,#BBA9E4,pattern_#B94600_#BBA9E4,0
#B94600,#3B6968,pattern_#B94600_#3B6968,0
#B94600,#FFD200,pattern_#B94600_#FFD200,0
#B94600,#008000,pattern_#B94600_#008000,0
#B94600,#86BE2D,pattern_#B94600_#86BE2D,0
#B94600,#C9C9C9,pattern_#B94600_#C9C9C9,0
#B94600,#768597,pattern_#B94600_#768597,0
#B94600,#B5A45F,pattern_#B94600_#B5A45F,1
#B94600,#0053A5,pattern_#B94600_#0053A5,0
#B94600,#FAC4DB,pattern_#B94600_#FAC4DB,0
#B94600,#D0455F,pattern_#B94600_#D0455F,0
#B94600,#640B22,pattern_#B94600_#640B22,0
#B94600,#8E1D03,pattern_#B94600_#8E1D03,0
#B94600,#FDF7B2,pattern_#B94600_#FDF7B2,1
#B94600,#B11730,pattern_#B94600_#B11730,0
#B94600,#B3832E,pattern_#B94600_#B3832E,0
#B94600,#FAAA6E,pattern_#B94600_#FAAA6E,0
#B94600,#C4DDCE,pattern_#B94600_#C4DDCE,0
#B94600,#EBD6A7,pattern_#B94600_#EBD6A7,1
#B94600,#BCD2E7,pattern_#B94600_#BCD2E7,0
#B94600,#FFFF00,pattern_#B94600_#FFFF00,0
#B94600,#FFC0CB,pattern_#B94600_#FFC0CB,0
#B94600,#808080,pattern_#B94600_#808080,0
#B94600,#FFA500,pattern_#B94600_#FFA500,0
#DEB24C,#F29985,pattern_#DEB24C_#F29985,0
#DEB24C,#000081,pattern_#DEB24C_#000081,1
#DEB24C,#666633,pattern_#DEB24C_#666633,1
#DEB24C,#5F5E5E,pattern_#DEB24C_#5F5E5E,1
#DEB24C,#164A0A,pattern_#DEB24C_#164A0A,0
#DEB24C,#9A8176,pattern_#DEB24C_#9A8176,0
#DEB24C,#ECE9D6,pattern_#DEB24C_#ECE9D6,1
#DEB24C,#C7A2A2,pattern_#DEB24C_#C7A2A2,0
#DEB24C,#D84936,pattern_#DEB24C_#D84936,0
#DEB24C,#BBA9E4,pattern_#DEB24C_#BBA9E4,0
#DEB24C,#3B6968,pattern_#DEB24C_#3B6968,1
#DEB24C,#FFD200,pattern_#DEB24C_#FFD200,0
#DEB24C,#008000,pattern_#DEB24C_#008000,0
#DEB24C,#86BE2D,pattern_#DEB24C_#86BE2D,0
#DEB24C,#C9C9C9,pattern_#DEB24C_#C9C9C9,0
#DEB24C,#768597,pattern_#DEB24C_#768597,1
#DEB24C,#B5A45F,pattern_#DEB24C_#B5A45F,0
#DEB24C,#0053A5,pattern_#DEB24C_#0053A5,1
#DEB24C,#FAC4DB,pattern_#DEB24C_#FAC4DB,0
#DEB24C,#D0455F,pattern_#DEB24C_#D0455F,0
#DEB24C,#640B22,pattern_#DEB24C_#640B22,1
#DEB24C,#8E1D03,pattern_#DEB24C_#8E1D03,0
#DEB24C,#FDF7B2,pattern_#DEB24C_#FDF7B2,1
#DEB24C,#B11730,pattern_#DEB24C_#B11730,0
#DEB24C,#B3832E,pattern_#DEB24C_#B3832E,0
#DEB24C,#FAAA6E,pattern_#DEB24C_#FAAA6E,0
#DEB24C,#C4DDCE,pattern_#DEB24C_#C4DDCE,0
#DEB24C,#EBD6A7,pattern_#DEB24C_#EBD6A7,0
#DEB24C,#BCD2E7,pattern_#DEB24C_#BCD2E7,0
#DEB24C,#FFFF00,pattern_#DEB24C_#FFFF00,0
#DEB24C,#FFC0CB,pattern_#DEB24C_#FFC0CB,0
#DEB24C,#808080,pattern_#DEB24C_#808080,1
#DEB24C,#FFA500,pattern_#DEB24C_#FFA500,0
#F29985,#000081,pattern_#F29985_#000081,1
#F29985,#666633,pattern_#F29985_#666633,0
#F29985,#5F5E5E,pattern_#F29985_#5F5E5E,1
#F29985,#164A0A,pattern_#F29985_#164A0A,0
#F29985,#9A8176,pattern_#F29985_#9A8176,1
#F29985,#ECE9D6,pattern_#F29985_#ECE9D6,1
#F29985,#C7A2A2,pattern_#F29985_#C7A2A2,0
#F29985,#D84936,pattern_#F29985_#D84936,0
#F29985,#BBA9E4,pattern_#F29985_#BBA9E4,0
#F29985,#3B6968,pattern_#F29985_#3B6968,0
#F29985,#FFD200,pattern_#F29985_#FFD200,0
#F29985,#008000,pattern_#F29985_#008000,0
#F29985,#86BE2D,pattern_#F29985_#86BE2D,0
#F29985,#C9C9C9,pattern_#F29985_#C9C9C9,1
#F29985,#768597,pattern_#F29985_#768597,1
#F29985,#B5A45F,pattern_#F29985_#B5A45F,0
#F29985,#0053A5,pattern_#F29985_#0053A5,1
#F29985,#FAC4DB,pattern_#F29985_#FAC4DB,0
#F29985,#D0455F,pattern_#F29985_#D0455F,0
#F29985,#640B22,pattern_#F29985_#640B22,0
#F29985,#8E1D03,pattern_#F29985_#8E1D03,0
#F29985,#FDF7B2,pattern_#F29985_#FDF7B2,1
#F29985,#B11730,pattern_#F29985_#B11730,0
#F29985,#B3832E,pattern_#F29985_#B3832E,0
#F29985,#FAAA6E,pattern_#F29985_#FAAA6E,0
#F29985,#C4DDCE,pattern_#F29985_#C4DDCE,1
#F29985,#EBD6A7,pattern_#F29985_#EBD6A7,0
#F29985,#BCD2E7,pattern_#F29985_#BCD2E7,1
#F29985,#FFFF00,pattern_#F29985_#FFFF00,0
#F29985,#FFC0CB,pattern_#F29985_#FFC0CB,0
#F29985,#808080,pattern_#F29985_#808080,1
#F29985,#FFA500,pattern_#F29985_#FFA500,0
#000081,#666633,pattern_#000081_#666633,0
#000081,#5F5E5E,pattern_#000081_#5F5E5E,1
#000081,#164A0A,pattern_#000081_#164A0A,0
#000081,#9A8176,pattern_#000081_#9A8176,1
#000081,#ECE9D6,pattern_#000081_#ECE9D6,1
#000081,#C7A2A2,pattern_#000081_#C7A2A2,0
#000081,#D84936,pattern_#000081_#D84936,0
#000081,#BBA9E4,pattern_#000081_#BBA9E4,1
#000081,#3B6968,pattern_#000081_#3B6968,0
#000081,#FFD200,pattern_#000081_#FFD200,0
#000081,#008000,pattern_#000081_#008000,0
#000081,#86BE2D,pattern_#000081_#86BE2D,0
#000081,#C9C9C9,pattern_#000081_#C9C9C9,1
#000081,#768597,pattern_#000081_#768597,1
#000081,#B5A45F,pattern_#000081_#B5A45F,0
#000081,#0053A5,pattern_#000081_#0053A5,1
#000081,#FAC4DB,pattern_#000081_#FAC4DB,1
#000081,#D0455F,pattern_#000081_#D0455F,1
#000081,#640B22,pattern_#000081_#640B22,0
#000081,#8E1D03,pattern_#000081_#8E1D03,0
#000081,#FDF7B2,pattern_#000081_#FDF7B2,1
#000081,#B11730,pattern_#000081_#B11730,0
#000081,#B3832E,pattern_#000081_#B3832E,0
#000081,#FAAA6E,pattern_#000081_#FAAA6E,0
#000081,#C4DDCE,pattern_#000081_#C4DDCE,1
#000081,#EBD6A7,pattern_#000081_#EBD6A7,1
#000081,#BCD2E7,pattern_#000081_#BCD2E7,1
#000081,#FFFF00,pattern_#000081_#FFFF00,0
#000081,#FFC0CB,pattern_#000081_#FFC0CB,1
#000081,#808080,pattern_#000081_#808080,1
#000081,#FFA500,pattern_#000081_#FFA500,0
#666633,#5F5E5E,pattern_#666633_#5F5E5E,0
#666633,#164A0A,pattern_#666633_#164A0A,0
#666633,#9A8176,pattern_#666633_#9A8176,0
#666633,#ECE9D6,pattern_#666633_#ECE9D6,1
#666633,#C7A2A2,pattern_#666633_#C7A2A2,0
#666633,#D84936,pattern_#666633_#D84936,0
#666633,#BBA9E4,pattern_#666633_#BBA9E4,0
#666633,#3B6968,pattern_#666633_#3B6968,0
#666633,#FFD200,pattern_#666633_#FFD200,0
#666633,#008000,pattern_#666633_#008000,0
#666633,#86BE2D,pattern_#666633_#86BE2D,0
#666633,#C9C9C9,pattern_#666633_#C9C9C9,0
#666633,#768597,pattern_#666633_#768597,0
#666633,#B5A45F,pattern_#666633_#B5A45F,1
#666633,#0053A5,pattern_#666633_#0053A5,0
#666633,#FAC4DB,pattern_#666633_#FAC4DB,0
#666633,#D0455F,pattern_#666633_#D0455F,0
#666633,#640B22,pattern_#666633_#640B22,0
#666633,#8E1D03,pattern_#666633_#8E1D03,0
#666633,#FDF7B2,pattern_#666633_#FDF7B2,1
#666633,#B11730,pattern_#666633_#B11730,0
#666633,#B3832E,pattern_#666633_#B3832E,0
#666633,#FAAA6E,pattern_#666633_#FAAA6E,0
#666633,#C4DDCE,pattern_#666633_#C4DDCE,1
#666633,#EBD6A7,pattern_#666633_#EBD6A7,1
#666633,#BCD2E7,pattern_#666633_#BCD2E7,1
#666633,#FFFF00,pattern_#666633_#FFFF00,0
#666633,#FFC0CB,pattern_#666633_#FFC0CB,0
#666633,#808080,pattern_#666633_#808080,0
#666633,#FFA500,pattern_#666633_#FFA500,0
#5F5E5E,#164A0A,pattern_#5F5E5E_#164A0A,1
#5F5E5E,#9A8176,pattern_#5F5E5E_#9A8176,1
#5F5E5E,#ECE9D6,pattern_#5F5E5E_#ECE9D6,1
#5F5E5E,#C7A2A2,pattern_#5F5E5E_#C7A2A2,1
#5F5E5E,#D84936,pattern_#5F5E5E_#D84936,0
#5F5E5E,#BBA9E4,pattern_#5F5E5E_#BBA9E4,1
#5F5E5E,#3B6968,pattern_#5F5E5E_#3B6968,0
#5F5E5E,#FFD200,pattern_#5F5E5E_#FFD200,1
#5F5E5E,#008000,pattern_#5F5E5E_#008000,0
#5F5E5E,#86BE2D,pattern_#5F5E5E_#86BE2D,0
#5F5E5E,#C9C9C9,pattern_#5F5E5E_#C9C9C9,1
#5F5E5E,#768597,pattern_#5F5E5E_#768597,1
#5F5E5E,#B5A45F,pattern_#5F5E5E_#B5A45F,0
#5F5E5E,#0053A5,pattern_#5F5E5E_#0053A5,1
#5F5E5E,#FAC4DB,pattern_#5F5E5E_#FAC4DB,1
#5F5E5E,#D0455F,pattern_#5F5E5E_#D0455F,1
#5F5E5E,#640B22,pattern_#5F5E5E_#640B22,1
#5F5E5E,#8E1D03,pattern_#5F5E5E_#8E1D03,0
#5F5E5E,#FDF7B2,pattern_#5F5E5E_#FDF7B2,1
#5F5E5E,#B11730,pattern_#5F5E5E_#B11730,0
#5F5E5E,#B3832E,pattern_#5F5E5E_#B3832E,0
#5F5E5E,#FAAA6E,pattern_#5F5E5E_#FAAA6E,0
#5F5E5E,#C4DDCE,pattern_#5F5E5E_#C4DDCE,1
#5F5E5E,#EBD6A7,pattern_#5F5E5E_#EBD6A7,1
#5F5E5E,#BCD2E7,pattern_#5F5E5E_#BCD2E7,1
#5F5E5E,#FFFF00,pattern_#5F5E5E_#FFFF00,0
#5F5E5E,#FFC0CB,pattern_#5F5E5E_#FFC0CB,1
#5F5E5E,#808080,pattern_#5F5E5E_#808080,1
#5F5E5E,#FFA500,pattern_#5F5E5E_#FFA500,0
#164A0A,#9A8176,pattern_#164A0A_#9A8176,1
#164A0A,#ECE9D6,pattern_#164A0A_#ECE9D6,1
#164A0A,#C7A2A2,pattern_#164A0A_#C7A2A2,1
#164A0A,#D84936,pattern_#164A0A_#D84936,0
#164A0A,#BBA9E4,pattern_#164A0A_#BBA9E4,0
#164A0A,#3B6968,pattern_#164A0A_#3B6968,0
#164A0A,#FFD200,pattern_#164A0A_#FFD200,0
#164A0A,#008000,pattern_#164A0A_#008000,0
#164A0A,#86BE2D,pattern_#164A0A_#86BE2D,0
#164A0A,#C9C9C9,pattern_#164A0A_#C9C9C9,1
#164A0A,#768597,pattern_#164A0A_#768597,1
#164A0A,#B5A45F,pattern_#164A0A_#B5A45F,0
#164A0A,#0053A5,pattern_#164A0A_#0053A5,0
#164A0A,#FAC4DB,pattern_#164A0A_#FAC4DB,0
#164A0A,#D0455F,pattern_#164A0A_#D0455F,0
#164A0A,#640B22,pattern_#164A0A_#640B22,0
#164A0A,#8E1D03,pattern_#164A0A_#8E1D03,0
#164A0A,#FDF7B2,pattern_#164A0A_#FDF7B2,1
#164A0A,#B11730,pattern_#164A0A_#B11730,0
#164A0A,#B3832E,pattern_#164A0A_#B3832E,0
#164A0A,#FAAA6E,pattern_#164A0A_#FAAA6E,0
#164A0A,#C4DDCE,pattern_#164A0A_#C4DDCE,1
#164A0A,#EBD6A7,pattern_#164A0A_#EBD6A7,1
#164A0A,#BCD2E7,pattern_#164A0A_#BCD2E7,1
#164A0A,#FFFF00,pattern_#164A0A_#FFFF00,0
#164A0A,#FFC0CB,pattern_#164A0A_#FFC0CB,0
#164A0A,#808080,pattern_#164A0A_#808080,1
#164A0A,#FFA500,pattern_#164A0A_#FFA500,0
#9A8176,#ECE9D6,pattern_#9A8176_#ECE9D6,1
#9A8176,#C7A2A2,pattern_#9A8176_#C7A2A2,1
#9A8176,#D84936,pattern_#9A8176_#D84936,0
#9A8176,#BBA9E4,pattern_#9A8176_#BBA9E4,1
#9A8176,#3B6968,pattern_#9A8176_#3B6968,0
#9A8176,#FFD200,pattern_#9A8176_#FFD200,0
#9A8176,#008000,pattern_#9A8176_#008000,0
#9A8176,#86BE2D,pattern_#9A8176_#86BE2D,0
#9A8176,#C9C9C9,pattern_#9A8176_#C9C9C9,1
#9A8176,#768597,pattern_#9A8176_#768597,1
#9A8176,#B5A45F,pattern_#9A8176_#B5A45F,0
#9A8176,#0053A5,pattern_#9A8176_#0053A5,1
#9A8176,#FAC4DB,pattern_#9A8176_#FAC4DB,1
#9A8176,#D0455F,pattern_#9A8176_#D0455F,0
#9A8176,#640B22,pattern_#9A8176_#640B22,1
#9A8176,#8E1D03,pattern_#9A8176_#8E1D03,0
#9A8176,#FDF7B2,pattern_#9A8176_#FDF7B2,1
#9A8176,#B11730,pattern_#9A8176_#B11730,0
#9A8176,#B3832E,pattern_#9A8176_#B3832E,0
#9A8176,#FAAA6E,pattern_#9A8176_#FAAA6E,0
#9A8176,#C4DDCE,pattern_#9A8176_#C4DDCE,0
#9A8176,#EBD6A7,pattern_#9A8176_#EBD6A7,0
#9A8176,#BCD2E7,pattern_#9A8176_#BCD2E7,1
#9A8176,#FFFF00,pattern_#9A8176_#FFFF00,0
#9A8176,#FFC0CB,pattern_#9A8176_#FFC0CB,1
#9A8176,#808080,pattern_#9A8176_#808080,1
#9A8176,#FFA500,pattern_#9A8176_#FFA500,0
#ECE9D6,#C7A2A2,pattern_#ECE9D6_#C7A2A2,1
#ECE9D6,#D84936,pattern_#ECE9D6_#D84936,1
#ECE9D6,#BBA9E4,pattern_#ECE9D6_#BBA9E4,1
#ECE9D6,#3B6968,pattern_#ECE9D6_#3B6968,1
#ECE9D6,#FFD200,pattern_#ECE9D6_#FFD200,1
#ECE9D6,#008000,pattern_#ECE9D6_#008000,1
#ECE9D6,#86BE2D,pattern_#ECE9D6_#86BE2D,1
#ECE9D6,#C9C9C9,pattern_#ECE9D6_#C9C9C9,1
#ECE9D6,#768597,pattern_#ECE9D6_#768597,1
#ECE9D6,#B5A45F,pattern_#ECE9D6_#B5A45F,1
#ECE9D6,#0053A5,pattern_#ECE9D6_#0053A5,1
#ECE9D6,#FAC4DB,pattern_#ECE9D6_#FAC4DB,1
#ECE9D6,#D0455F,pattern_#ECE9D6_#D0455F,1
#ECE9D6,#640B22,pattern_#ECE9D6_#640B22,1
#ECE9D6,#8E1D03,pattern_#ECE9D6_#8E1D03,1
#ECE9D6,#FDF7B2,pattern_#ECE9D6_#FDF7B2,1
#ECE9D6,#B11730,pattern_#ECE9D6_#B11730,1
#ECE9D6,#B3832E,pattern_#ECE9D6_#B3832E,1
#ECE9D6,#FAAA6E,pattern_#ECE9D6_#FAAA6E,1
#ECE9D6,#C4DDCE,pattern_#ECE9D6_#C4DDCE,1
#ECE9D6,#EBD6A7,pattern_#ECE9D6_#EBD6A7,1
#ECE9D6,#BCD2E7,pattern_#ECE9D6_#BCD2E7,1
#ECE9D6,#FFFF00,pattern_#ECE9D6_#FFFF00,1
#ECE9D6,#FFC0CB,pattern_#ECE9D6_#FFC0CB,1
#ECE9D6,#808080,pattern_#ECE9D6_#808080,1
#ECE9D6,#FFA500,pattern_#ECE9D6_#FFA500,1
#C7A2A2,#D84936,pattern_#C7A2A2_#D84936,1
#C7A2A2,#BBA9E4,pattern_#C7A2A2_#BBA9E4,1
#C7A2A2,#3B6968,pattern_#C7A2A2_#3B6968,0
#C7A2A2,#FFD200,pattern_#C7A2A2_#FFD200,0
#C7A2A2,#008000,pattern_#C7A2A2_#008000,0
#C7A2A2,#86BE2D,pattern_#C7A2A2_#86BE2D,0
#C7A2A2,#C9C9C9,pattern_#C7A2A2_#C9C9C9,0
#C7A2A2,#768597,pattern_#C7A2A2_#768597,1
#C7A2A2,#B5A45F,pattern_#C7A2A2_#B5A45F,0
#C7A2A2,#0053A5,pattern_#C7A2A2_#0053A5,1
#C7A2A2,#FAC4DB,pattern_#C7A2A2_#FAC4DB,1
#C7A2A2,#D0455F,pattern_#C7A2A2_#D0455F,0
#C7A2A2,#640B22,pattern_#C7A2A2_#640B22,1
#C7A2A2,#8E1D03,pattern_#C7A2A2_#8E1D03,0
#C7A2A2,#FDF7B2,pattern_#C7A2A2_#FDF7B2,1
#C7A2A2,#B11730,pattern_#C7A2A2_#B11730,0
#C7A2A2,#B3832E,pattern_#C7A2A2_#B3832E,0
#C7A2A2,#FAAA6E,pattern_#C7A2A2_#FAAA6E,0
#C7A2A2,#C4DDCE,pattern_#C7A2A2_#C4DDCE,0
#C7A2A2,#EBD6A7,pattern_#C7A2A2_#EBD6A7,1
#C7A2A2,#BCD2E7,pattern_#C7A2A2_#BCD2E7,0
#C7A2A2,#FFFF00,pattern_#C7A2A2_#FFFF00,0
#C7A2A2,#FFC0CB,pattern_#C7A2A2_#FFC0CB,1
#C7A2A2,#808080,pattern_#C7A2A2_#808080,1
#C7A2A2,#FFA500,pattern_#C7A2A2_#FFA500,0
#D84936,#BBA9E4,pattern_#D84936_#BBA9E4,0
#D84936,#3B6968,pattern_#D84936_#3B6968,0
#D84936,#FFD200,pattern_#D84936_#FFD200,0
#D84936,#008000,pattern_#D84936_#008000,0
#D84936,#86BE2D,pattern_#D84936_#86BE2D,0
#D84936,#C9C9C9,pattern_#D84936_#C9C9C9,1
#D84936,#768597,pattern_#D84936_#768597,1
#D84936,#B5A45F,pattern_#D84936_#B5A45F,0
#D84936,#0053A5,pattern_#D84936_#0053A5,1
#D84936,#FAC4DB,pattern_#D84936_#FAC4DB,1
#D84936,#D0455F,pattern_#D84936_#D0455F,0
#D84936,#640B22,pattern_#D84936_#640B22,0
#D84936,#8E1D03,pattern_#D84936_#8E1D03,0
#D84936,#FDF7B2,pattern_#D84936_#FDF7B2,1
#D84936,#B11730,pattern_#D84936_#B11730,0
#D84936,#B3832E,pattern_#D84936_#B3832E,0
#D84936,#FAAA6E,pattern_#D84936_#FAAA6E,0
#D84936,#C4DDCE,pattern_#D84936_#C4DDCE,1
#D84936,#EBD6A7,pattern_#D84936_#EBD6A7,1
#D84936,#BCD2E7,pattern_#D84936_#BCD2E7,1
#D84936,#FFFF00,pattern_#D84936_#FFFF00,0
#D84936,#FFC0CB,pattern_#D84936_#FFC0CB,0
#D84936,#808080,pattern_#D84936_#808080,1
#D84936,#FFA500,pattern_#D84936_#FFA500,0
#BBA9E4,#3B6968,pattern_#BBA9E4_#3B6968,0
#BBA9E4,#FFD200,pattern_#BBA9E4_#FFD200,0
#BBA9E4,#008000,pattern_#BBA9E4_#008000,0
#BBA9E4,#86BE2D,pattern_#BBA9E4_#86BE2D,0
#BBA9E4,#C9C9C9,pattern_#BBA9E4_#C9C9C9,1
#BBA9E4,#768597,pattern_#BBA9E4_#768597,1
#BBA9E4,#B5A45F,pattern_#BBA9E4_#B5A45F,0
#BBA9E4,#0053A5,pattern_#BBA9E4_#0053A5,1
#BBA9E4,#FAC4DB,pattern_#BBA9E4_#FAC4DB,0
#BBA9E4,#D0455F,pattern_#BBA9E4_#D0455F,0
#BBA9E4,#640B22,pattern_#BBA9E4_#640B22,0
#BBA9E4,#8E1D03,pattern_#BBA9E4_#8E1D03,0
#BBA9E4,#FDF7B2,pattern_#BBA9E4_#FDF7B2,1
#BBA9E4,#B11730,pattern_#BBA9E4_#B11730,0
#BBA9E4,#B3832E,pattern_#BBA9E4_#B3832E,0
#BBA9E4,#FAAA6E,pattern_#BBA9E4_#FAAA6E,0
#BBA9E4,#C4DDCE,pattern_#BBA9E4_#C4DDCE,1
#BBA9E4,#EBD6A7,pattern_#BBA9E4_#EBD6A7,0
#BBA9E4,#BCD2E7,pattern_#BBA9E4_#BCD2E7,1
#BBA9E4,#FFFF00,pattern_#BBA9E4_#FFFF00,0
#BBA9E4,#FFC0CB,pattern_#BBA9E4_#FFC0CB,1
#BBA9E4,#808080,pattern_#BBA9E4_#808080,1
#BBA9E4,#FFA500,pattern_#BBA9E4_#FFA500,0
#3B6968,#FFD200,pattern_#3B6968_#FFD200,0
#3B6968,#008000,pattern_#3B6968_#008000,0
#3B6968,#86BE2D,pattern_#3B6968_#86BE2D,0
#3B6968,#C9C9C9,pattern_#3B6968_#C9C9C9,1
#3B6968,#768597,pattern_#3B6968_#768597,1
#3B6968,#B5A45F,pattern_#3B6968_#B5A45F,0
#3B6968,#0053A5,pattern_#3B6968_#0053A5,0
#3B6968,#FAC4DB,pattern_#3B6968_#FAC4DB,1
#3B6968,#D0455F,pattern_#3B6968_#D0455F,1
#3B6968,#640B22,pattern_#3B6968_#640B22,0
#3B6968,#8E1D03,pattern_#3B6968_#8E1D03,0
#3B6968,#FDF7B2,pattern_#3B6968_#FDF7B2,1
#3B6968,#B11730,pattern_#3B6968_#B11730,0
#3B6968,#B3832E,pattern_#3B6968_#B3832E,0
#3B6968,#FAAA6E,pattern_#3B6968_#FAAA6E,0
#3B6968,#C4DDCE,pattern_#3B6968_#C4DDCE,1
#3B6968,#EBD6A7,pattern_#3B6968_#EBD6A7,1
#3B6968,#BCD2E7,pattern_#3B6968_#BCD2E7,1
#3B6968,#FFFF00,pattern_#3B6968_#FFFF00,0
#3B6968,#FFC0CB,pattern_#3B6968_#FFC0CB,1
#3B6968,#808080,pattern_#3B6968_#808080,1
#3B6968,#FFA500,pattern_#3B6968_#FFA500,0
#FFD200,#008000,pattern_#FFD200_#008000,0
#FFD200,#86BE2D,pattern_#FFD200_#86BE2D,0
#FFD200,#C9C9C9,pattern_#FFD200_#C9C9C9,0
#FFD200,#768597,pattern_#FFD200_#768597,0
#FFD200,#B5A45F,pattern_#FFD200_#B5A45F,0
#FFD200,#0053A5,pattern_#FFD200_#0053A5,0
#FFD200,#FAC4DB,pattern_#FFD200_#FAC4DB,0
#FFD200,#D0455F,pattern_#FFD200_#D0455F,0
#FFD200,#640B22,pattern_#FFD200_#640B22,0
#FFD200,#8E1D03,pattern_#FFD200_#8E1D03,0
#FFD200,#FDF7B2,pattern_#FFD200_#FDF7B2,1
#FFD200,#B11730,pattern_#FFD200_#B11730,0
#FFD200,#B3832E,pattern_#FFD200_#B3832E,0
#FFD200,#FAAA6E,pattern_#FFD200_#FAAA6E,0
#FFD200,#C4DDCE,pattern_#FFD200_#C4DDCE,0
#FFD200,#EBD6A7,pattern_#FFD200_#EBD6A7,0
#FFD200,#BCD2E7,pattern_#FFD200_#BCD2E7,0
#FFD200,#FFFF00,pattern_#FFD200_#FFFF00,0
#FFD200,#FFC0CB,pattern_#FFD200_#FFC0CB,0
#FFD200,#808080,pattern_#FFD200_#808080,0
#FFD200,#FFA500,pattern_#FFD200_#FFA500,0
#008000,#86BE2D,pattern_#008000_#86BE2D,1
#008000,#C9C9C9,pattern_#008000_#C9C9C9,1
#008000,#768597,pattern_#008000_#768597,0
#008000,#B5A45F,pattern_#008000_#B5A45F,0
#008000,#0053A5,pattern_#008000_#0053A5,0
#008000,#FAC4DB,pattern_#008000_#FAC4DB,0
#008000,#D0455F,pattern_#008000_#D0455F,0
#008000,#640B22,pattern_#008000_#640B22,0
#008000,#8E1D03,pattern_#008000_#8E1D03,0
#008000,#FDF7B2,pattern_#008000_#FDF7B2,1
#008000,#B11730,pattern_#008000_#B11730,0
#008000,#B3832E,pattern_#008000_#B3832E,0
#008000,#FAAA6E,pattern_#008000_#FAAA6E,0
#008000,#C4DDCE,pattern_#008000_#C4DDCE,1
#008000,#EBD6A7,pattern_#008000_#EBD6A7,1
#008000,#BCD2E7,pattern_#008000_#BCD2E7,1
#008000,#FFFF00,pattern_#008000_#FFFF00,0
#008000,#FFC0CB,pattern_#008000_#FFC0CB,0
#008000,#808080,pattern_#008000_#808080,0
#008000,#FFA500,pattern_#008000_#FFA500,0
#86BE2D,#C9C9C9,pattern_#86BE2D_#C9C9C9,0
#86BE2D,#768597,pattern_#86BE2D_#768597,0
#86BE2D,#B5A45F,pattern_#86BE2D_#B5A45F,0
#86BE2D,#0053A5,pattern_#86BE2D_#0053A5,0
#86BE2D,#FAC4DB,pattern_#86BE2D_#FAC4DB,0
#86BE2D,#D0455F,pattern_#86BE2D_#D0455F,0
#86BE2D,#640B22,pattern_#86BE2D_#640B22,0
#86BE2D,#8E1D03,pattern_#86BE2D_#8E1D03,0
#86BE2D,#FDF7B2,pattern_#86BE2D_#FDF7B2,1
#86BE2D,#B11730,pattern_#86BE2D_#B11730,0
#86BE2D,#B3832E,pattern_#86BE2D_#B3832E,0
#86BE2D,#FAAA6E,pattern_#86BE2D_#FAAA6E,0
#86BE2D,#C4DDCE,pattern_#86BE2D_#C4DDCE,1
#86BE2D,#EBD6A7,pattern_#86BE2D_#EBD6A7,1
#86BE2D,#BCD2E7,pattern_#86BE2D_#BCD2E7,0
#86BE2D,#FFFF00,pattern_#86BE2D_#FFFF00,0
#86BE2D,#FFC0CB,pattern_#86BE2D_#FFC0CB,0
#86BE2D,#808080,pattern_#86BE2D_#808080,0
#86BE2D,#FFA500,pattern_#86BE2D_#FFA500,0
#C9C9C9,#768597,pattern_#C9C9C9_#768597,1
#C9C9C9,#B5A45F,pattern_#C9C9C9_#B5A45F,0
#C9C9C9,#0053A5,pattern_#C9C9C9_#0053A5,1
#C9C9C9,#FAC4DB,pattern_#C9C9C9_#FAC4DB,0
#C9C9C9,#D0455F,pattern_#C9C9C9_#D0455F,1
#C9C9C9,#640B22,pattern_#C9C9C9_#640B22,1
#C9C9C9,#8E1D03,pattern_#C9C9C9_#8E1D03,1
#C9C9C9,#FDF7B2,pattern_#C9C9C9_#FDF7B2,1
#C9C9C9,#B11730,pattern_#C9C9C9_#B11730,1
#C9C9C9,#B3832E,pattern_#C9C9C9_#B3832E,0
#C9C9C9,#FAAA6E,pattern_#C9C9C9_#FAAA6E,0
#C9C9C9,#C4DDCE,pattern_#C9C9C9_#C4DDCE,0
#C9C9C9,#EBD6A7,pattern_#C9C9C9_#EBD6A7,0
#C9C9C9,#BCD2E7,pattern_#C9C9C9_#BCD2E7,0
#C9C9C9,#FFFF00,pattern_#C9C9C9_#FFFF00,0
#C9C9C9,#FFC0CB,pattern_#C9C9C9_#FFC0CB,0
#C9C9C9,#808080,pattern_#C9C9C9_#808080,1
#C9C9C9,#FFA500,pattern_#C9C9C9_#FFA500,0
#768597,#B5A45F,pattern_#768597_#B5A45F,0
#768597,#0053A5,pattern_#768597_#0053A5,1
#768597,#FAC4DB,pattern_#768597_#FAC4DB,1
#768597,#D0455F,pattern_#768597_#D0455F,1
#768597,#640B22,pattern_#768597_#640B22,1
#768597,#8E1D03,pattern_#768597_#8E1D03,0
#768597,#FDF7B2,pattern_#768597_#FDF7B2,1
#768597,#B11730,pattern_#768597_#B11730,0
#768597,#B3832E,pattern_#768597_#B3832E,0
#768597,#FAAA6E,pattern_#768597_#FAAA6E,0
#768597,#C4DDCE,pattern_#768597_#C4DDCE,1
#768597,#EBD6A7,pattern_#768597_#EBD6A7,1
#768597,#BCD2E7,pattern_#768597_#BCD2E7,1
#768597,#FFFF00,pattern_#768597_#FFFF00,0
#768597,#FFC0CB,pattern_#768597_#FFC0CB,0
#768597,#808080,pattern_#768597_#808080,0
#768597,#FFA500,pattern_#768597_#FFA500,0
#B5A45F,#0053A5,pattern_#B5A45F_#0053A5,0
#B5A45F,#FAC4DB,pattern_#B5A45F_#FAC4DB,0
#B5A45F,#D0455F,pattern_#B5A45F_#D0455F,0
#B5A45F,#640B22,pattern_#B5A45F_#640B22,0
#B5A45F,#8E1D03,pattern_#B5A45F_#8E1D03,0
#B5A45F,#FDF7B2,pattern_#B5A45F_#FDF7B2,1
#B5A45F,#B11730,pattern_#B5A45F_#B11730,0
#B5A45F,#B3832E,pattern_#B5A45F_#B3832E,0
#B5A45F,#FAAA6E,pattern_#B5A45F_#FAAA6E,0
#B5A45F,#C4DDCE,pattern_#B5A45F_#C4DDCE,0
#B5A45F,#EBD6A7,pattern_#B5A45F_#EBD6A7,1
#B5A45F,#BCD2E7,pattern_#B5A45F_#BCD2E7,1
#B5A45F,#FFFF00,pattern_#B5A45F_#FFFF00,0
#B5A45F,#FFC0CB,pattern_#B5A45F_#FFC0CB,0
#B5A45F,#808080,pattern_#B5A45F_#808080,0
#B5A45F,#FFA500,pattern_#B5A45F_#FFA500,0
#0053A5,#FAC4DB,pattern_#0053A5_#FAC4DB,1
#0053A5,#D0455F,pattern_#0053A5_#D0455F,1
#0053A5,#640B22,pattern_#0053A5_#640B22,1
#0053A5,#8E1D03,pattern_#0053A5_#8E1D03,1
#0053A5,#FDF7B2,pattern_#0053A5_#FDF7B2,1
#0053A5,#B11730,pattern_#0053A5_#B11730,1
#0053A5,#B3832E,pattern_#0053A5_#B3832E,1
#0053A5,#FAAA6E,pattern_#0053A5_#FAAA6E,1
#0053A5,#C4DDCE,pattern_#0053A5_#C4DDCE,1
#0053A5,#EBD6A7,pattern_#0053A5_#EBD6A7,1
#0053A5,#BCD2E7,pattern_#0053A5_#BCD2E7,1
#0053A5,#FFFF00,pattern_#0053A5_#FFFF00,1
#0053A5,#FFC0CB,pattern_#0053A5_#FFC0CB,1
#0053A5,#808080,pattern_#0053A5_#808080,1
#0053A5,#FFA500,pattern_#0053A5_#FFA500,1
#FAC4DB,#D0455F,pattern_#FAC4DB_#D0455F,1
#FAC4DB,#640B22,pattern_#FAC4DB_#640B22,0
#FAC4DB,#8E1D03,pattern_#FAC4DB_#8E1D03,0
#FAC4DB,#FDF7B2,pattern_#FAC4DB_#FDF7B2,1
#FAC4DB,#B11730,pattern_#FAC4DB_#B11730,0
#FAC4DB,#B3832E,pattern_#FAC4DB_#B3832E,0
#FAC4DB,#FAAA6E,pattern_#FAC4DB_#FAAA6E,0
#FAC4DB,#C4DDCE,pattern_#FAC4DB_#C4DDCE,1
#FAC4DB,#EBD6A7,pattern_#FAC4DB_#EBD6A7,0
#FAC4DB,#BCD2E7,pattern_#FAC4DB_#BCD2E7,1
#FAC4DB,#FFFF00,pattern_#FAC4DB_#FFFF00,0
#FAC4DB,#FFC0CB,pattern_#FAC4DB_#FFC0CB,0
#FAC4DB,#808080,pattern_#FAC4DB_#808080,1
#FAC4DB,#FFA500,pattern_#FAC4DB_#FFA500,0
#D0455F,#640B22,pattern_#D0455F_#640B22,0
#D0455F,#8E1D03,pattern_#D0455F_#8E1D03,0
#D0455F,#FDF7B2,pattern_#D0455F_#FDF7B2,1
#D0455F,#B11730,pattern_#D0455F_#B11730,0
#D0455F,#B3832E,pattern_#D0455F_#B3832E,0
#D0455F,#FAAA6E,pattern_#D0455F_#FAAA6E,0
#D0455F,#C4DDCE,pattern_#D0455F_#C4DDCE,1
#D0455F,#EBD6A7,pattern_#D0455F_#EBD6A7,1
#D0455F,#BCD2E7,pattern_#D0455F_#BCD2E7,1
#D0455F,#FFFF00,pattern_#D0455F_#FFFF00,0
#D0455F,#FFC0CB,pattern_#D0455F_#FFC0CB,1
#D0455F,#808080,pattern_#D0455F_#808080,1
#D0455F,#FFA500,pattern_#D0455F_#FFA500,0
#640B22,#8E1D03,pattern_#640B22_#8E1D03,0
#640B22,#FDF7B2,pattern_#640B22_#FDF7B2,1
#640B22,#B11730,pattern_#640B22_#B11730,0
#640B22,#B3832E,pattern_#640B22_#B3832E,0
#640B22,#FAAA6E,pattern_#640B22_#FAAA6E,0
#640B22,#C4DDCE,pattern_#640B22_#C4DDCE,1
#640B22,#EBD6A7,pattern_#640B22_#EBD6A7,1
#640B22,#BCD2E7,pattern_#640B22_#BCD2E7,1
#640B22,#FFFF00,pattern_#640B22_#FFFF00,0
#640B22,#FFC0CB,pattern_#640B22_#FFC0CB,1
#640B22,#808080,pattern_#640B22_#808080,0
#640B22,#FFA500,pattern_#640B22_#FFA500,0
#8E1D03,#FDF7B2,pattern_#8E1D03_#FDF7B2,1
#8E1D03,#B11730,pattern_#8E1D03_#B11730,0
#8E1D03,#B3832E,pattern_#8E1D03_#B3832E,0
#8E1D03,#FAAA6E,pattern_#8E1D03_#FAAA6E,0
#8E1D03,#C4DDCE,pattern_#8E1D03_#C4DDCE,1
#8E1D03,#EBD6A7,pattern_#8E1D03_#EBD6A7,1
#8E1D03,#BCD2E7,pattern_#8E1D03_#BCD2E7,1
#8E1D03,#FFFF00,pattern_#8E1D03_#FFFF00,0
#8E1D03,#FFC0CB,pattern_#8E1D03_#FFC0CB,0
#8E1D03,#808080,pattern_#8E1D03_#808080,0
#8E1D03,#FFA500,pattern_#8E1D03_#FFA500,0
#FDF7B2,#B11730,pattern_#FDF7B2_#B11730,1
#FDF7B2,#B3832E,pattern_#FDF7B2_#B3832E,1
#FDF7B2,#FAAA6E,pattern_#FDF7B2_#FAAA6E,1
#FDF7B2,#C4DDCE,pattern_#FDF7B2_#C4DDCE,1
#FDF7B2,#EBD6A7,pattern_#FDF7B2_#EBD6A7,1
#FDF7B2,#BCD2E7,pattern_#FDF7B2_#BCD2E7,1
#FDF7B2,#FFFF00,pattern_#FDF7B2_#FFFF00,0
#FDF7B2,#FFC0CB,pattern_#FDF7B2_#FFC0CB,1
#FDF7B2,#808080,pattern_#FDF7B2_#808080,1
#FDF7B2,#FFA500,pattern_#FDF7B2_#FFA500,1
#B11730,#B3832E,pattern_#B11730_#B3832E,0
#B11730,#FAAA6E,pattern_#B11730_#FAAA6E,0
#B11730,#C4DDCE,pattern_#B11730_#C4DDCE,1
#B11730,#EBD6A7,pattern_#B11730_#EBD6A7,1
#B11730,#BCD2E7,pattern_#B11730_#BCD2E7,1
#B11730,#FFFF00,pattern_#B11730_#FFFF00,0
#B11730,#FFC0CB,pattern_#B11730_#FFC0CB,1
#B11730,#808080,pattern_#B11730_#808080,1
#B11730,#FFA500,pattern_#B11730_#FFA500,0
#B3832E,#FAAA6E,pattern_#B3832E_#FAAA6E,0
#B3832E,#C4DDCE,pattern_#B3832E_#C4DDCE,0
#B3832E,#EBD6A7,pattern_#B3832E_#EBD6A7,1
#B3832E,#BCD2E7,pattern_#B3832E_#BCD2E7,1
#B3832E,#FFFF00,pattern_#B3832E_#FFFF00,0
#B3832E,#FFC0CB,pattern_#B3832E_#FFC0CB,0
#B3832E,#808080,pattern_#B3832E_#808080,0
#B3832E,#FFA500,pattern_#B3832E_#FFA500,0
#FAAA6E,#C4DDCE,pattern_#FAAA6E_#C4DDCE,0
#FAAA6E,#EBD6A7,pattern_#FAAA6E_#EBD6A7,1
#FAAA6E,#BCD2E7,pattern_#FAAA6E_#BCD2E7,0
#FAAA6E,#FFFF00,pattern_#FAAA6E_#FFFF00,0
#FAAA6E,#FFC0CB,pattern_#FAAA6E_#FFC0CB,0
#FAAA6E,#808080,pattern_#FAAA6E_#808080,1
#FAAA6E,#FFA500,pattern_#FAAA6E_#FFA500,0
#C4DDCE,#EBD6A7,pattern_#C4DDCE_#EBD6A7,0
#C4DDCE,#BCD2E7,pattern_#C4DDCE_#BCD2E7,1
#C4DDCE,#FFFF00,pattern_#C4DDCE_#FFFF00,0
#C4DDCE,#FFC0CB,pattern_#C4DDCE_#FFC0CB,0
#C4DDCE,#808080,pattern_#C4DDCE_#808080,1
#C4DDCE,#FFA500,pattern_#C4DDCE_#FFA500,0
#EBD6A7,#BCD2E7,pattern_#EBD6A7_#BCD2E7,0
#EBD6A7,#FFFF00,pattern_#EBD6A7_#FFFF00,0
#EBD6A7,#FFC0CB,pattern_#EBD6A7_#FFC0CB,0
#EBD6A7,#808080,pattern_#EBD6A7_#808080,1
#EBD6A7,#FFA500,pattern_#EBD6A7_#FFA500,0
#BCD2E7,#FFFF00,pattern_#BCD2E7_#FFFF00,0
#BCD2E7,#FFC0CB,pattern_#BCD2E7_#FFC0CB,0
#BCD2E7,#808080,pattern_#BCD2E7_#808080,1
#BCD2E7,#FFA500,pattern_#BCD2E7_#FFA500,0
#FFFF00,#FFC0CB,pattern_#FFFF00_#FFC0CB,0
#FFFF00,#808080,pattern_#FFFF00_#808080,0
#FFFF00,#FFA500,pattern_#FFFF00_#FFA500,0
#FFC0CB,#808080,pattern_#FFC0CB_#808080,1
#FFC0CB,#FFA500,pattern_#FFC0CB_#FFA500,0
#808080,#FFA500,pattern_#808080_#FFA500,0
#FFFFFF,#FFFFFF,pattern_#FFFFFF_#FFFFFF,1
#40E0D0,#40E0D0,pattern_#40E0D0_#40E0D0,1
#A57E62,#A57E62,pattern_#A57E62_#A57E62,1
#5C2F83,#5C2F83,pattern_#5C2F83_#5C2F83,1
#462C0E,#462C0E,pattern_#462C0E_#462C0E,1
#DFC8B2,#DFC8B2,pattern_#DFC8B2_#DFC8B2,1
#800000,#800000,pattern_#800000_#800000,1
#87CEFA,#87CEFA,pattern_#87CEFA_#87CEFA,1
#614051,#614051,pattern_#614051_#614051,1
#FF00A8,#FF00A8,pattern_#FF00A8_#FF00A8,1
#000000,#000000,pattern_#000000_#000000,1
#D3D3D3,#D3D3D3,pattern_#D3D3D3_#D3D3D3,1
#C19A6B,#C19A6B,pattern_#C19A6B_#C19A6B,1
#00008B,#00008B,pattern_#00008B_#00008B,1
#BBE2AD,#BBE2AD,pattern_#BBE2AD_#BBE2AD,1
#E65A5B,#E65A5B,pattern_#E65A5B_#E65A5B,1
#0000FF,#0000FF,pattern_#0000FF_#0000FF,1
#153668,#153668,pattern_#153668_#153668,1
#B94600,#B94600,pattern_#B94600_#B94600,1
#DEB24C,#DEB24C,pattern_#DEB24C_#DEB24C,1
#F29985,#F29985,pattern_#F29985_#F29985,1
#000081,#000081,pattern_#000081_#000081,1
#666633,#666633,pattern_#666633_#666633,1
#5F5E5E,#5F5E5E,pattern_#5F5E5E_#5F5E5E,1
#164A0A,#164A0A,pattern_#164A0A_#164A0A,1
#9A8176,#9A8176,pattern_#9A8176_#9A8176,1
#ECE9D6,#ECE9D6,pattern_#ECE9D6_#ECE9D6,1
#C7A2A2,#C7A2A2,pattern_#C7A2A2_#C7A2A2,1
#D84936,#D84936,pattern_#D84936_#D84936,1
#BBA9E4,#BBA9E4,pattern_#BBA9E4_#BBA9E4,1
#3B6968,#3B6968,pattern_#3B6968_#3B6968,1
#FFD200,#FFD200,pattern_#FFD200_#FFD200,1
#008000,#008000,pattern_#008000_#008000,1
#86BE2D,#86BE2D,pattern_#86BE2D_#86BE2D,1
#C9C9C9,#C9C9C9,pattern_#C9C9C9_#C9C9C9,1
#768597,#768597,pattern_#768597_#768597,1
#B5A45F,#B5A45F,pattern_#B5A45F_#B5A45F,1
#0053A5,#0053A5,pattern_#0053A5_#0053A5,1
#FAC4DB,#FAC4DB,pattern_#FAC4DB_#FAC4DB,1
#D0455F,#D0455F,pattern_#D0455F_#D0455F,1
#640B22,#640B22,pattern_#640B22_#640B22,1
#8E1D03,#8E1D03,pattern_#8E1D03_#8E1D03,1
#FDF7B2,#FDF7B2,pattern_#FDF7B2_#FDF7B2,1
#B11730,#B11730,pattern_#B11730_#B11730,1
#B3832E,#B3832E,pattern_#B3832E_#B3832E,1
#FAAA6E,#FAAA6E,pattern_#FAAA6E_#FAAA6E,1
#C4DDCE,#C4DDCE,pattern_#C4DDCE_#C4DDCE,1
#EBD6A7,#EBD6A7,pattern_#EBD6A7_#EBD6A7,1
#BCD2E7,#BCD2E7,pattern_#BCD2E7_#BCD2E7,1
#FFFF00,#FFFF00,pattern_#FFFF00_#FFFF00,1
#FFC0CB,#FFC0CB,pattern_#FFC0CB_#FFC0CB,1
#808080,#808080,pattern_#808080_#808080,1
#FFA500,#FFA500,pattern_#FFA500_#FFA500,1
